smiles,label,ref,canonical_smiles,scaffold
CC1=NN=C(O1)C(=O)NC(C)(C)C2=N/C(=C(/NCC3=CC=C(C=C3)F)\O)/C(=O)C(=O)N2C,1,DILIrank,Cc1nnc(C(=O)NC(C)(C)C2=N/C(=C(\O)NCc3ccc(F)cc3)C(=O)C(=O)N2C)o1,O=C1NC(CNC(=O)c2nnco2)=NC(=CNCc2ccccc2)C1=O
C1=CC2=C(C=C1OC(F)(F)F)SC(=N2)N,1,DILIrank,Nc1nc2ccc(OC(F)(F)F)cc2s1,c1ccc2scnc2c1
CCC1C(=O)N(CC(=O)N(C(C(=O)NC(C(=O)N(C(C(=O)NC(C(=O)NC(C(=O)N(C(C(=O)N(C(C(=O)N(C(C(=O)N(C(C(=O)N1)[C@@H]([C@H](C)C/C=C/C)O)C)C(C)C)C)CC(C)C)C)CC(C)C)C)C)C)CC(C)C)C)C(C)C)CC(C)C)C)C,1,DILIrank,C/C=C/C[C@@H](C)[C@@H](O)C1C(=O)NC(CC)C(=O)N(C)CC(=O)N(C)C(CC(C)C)C(=O)NC(C(C)C)C(=O)N(C)C(CC(C)C)C(=O)NC(C)C(=O)NC(C)C(=O)N(C)C(CC(C)C)C(=O)N(C)C(CC(C)C)C(=O)N(C)C(C(C)C)C(=O)N1C,O=C1CNC(=O)CNC(=O)CNC(=O)CNC(=O)CNC(=O)CNC(=O)CNC(=O)CNC(=O)CNC(=O)CNC(=O)CN1
CC(C1=CC(=CC=C1)OC2=CC=CC=C2)C(=O)O,1,DILIrank,CC(C(=O)O)c1cccc(Oc2ccccc2)c1,c1ccc(Oc2ccccc2)cc1
CC(=O)NC1=NN=C(S1)S(=O)(=O)N,1,DILIrank,CC(=O)Nc1nnc(S(N)(=O)=O)s1,c1nncs1
CNCCC=C1C2=CC=CC=C2CCC3=CC=CC=C31,1,DILIrank,CNCCC=C1c2ccccc2CCc2ccccc21,C=C1c2ccccc2CCc2ccccc21
CC1=CC2=C(C=C1C(=C)C3=CC=C(C=C3)C(=O)O)C(CCC2(C)C)(C)C,1,DILIrank,C=C(c1ccc(C(=O)O)cc1)c1cc2c(cc1C)C(C)(C)CCC2(C)C,C=C(c1ccccc1)c1ccc2c(c1)CCCC2
CNC(=O)C1=NC=CC(=C1)OC2=CC=C(C=C2)NC(=O)NC3=CC(=C(C=C3)Cl)C(F)(F)F,1,DILIrank,CNC(=O)c1cc(Oc2ccc(NC(=O)Nc3ccc(Cl)c(C(F)(F)F)c3)cc2)ccn1,O=C(Nc1ccccc1)Nc1ccc(Oc2ccncc2)cc1
COC1=C(C=C(C=C1)CC2=NC=CC3=CC(=C(C=C32)OC)OC)OC,1,DILIrank,COc1ccc(Cc2nccc3cc(OC)c(OC)cc23)cc1OC,c1ccc(Cc2nccc3ccccc23)cc1
CS(=O)(=O)NC1=C(C=C(C=C1)[N+](=O)[O-])OC2=CC=CC=C2,1,DILIrank,CS(=O)(=O)Nc1ccc([N+](=O)[O-])cc1Oc1ccccc1,c1ccc(Oc2ccccc2)cc1
CC1=C(C(=C2CCC(OC2=C1C)(C)COC3=CC=C(C=C3)CC4C(=O)NC(=O)S4)C)O,1,DILIrank,Cc1c(C)c2c(c(C)c1O)CCC(C)(COc1ccc(CC3SC(=O)NC3=O)cc1)O2,O=C1NC(=O)C(Cc2ccc(OCC3CCc4ccccc4O3)cc2)S1
C1CC2=CC=CC=C2C(C3=CC=CC=C31)[NH2+]CCCCCCC(=O)O.[Cl-],1,DILIrank,O=C(O)CCCCCC[NH2+]C1c2ccccc2CCc2ccccc21.[Cl-],c1ccc2c(c1)CCc1ccccc1C2
C1[C@@H]2[C@@H](C2N)CN1C3=C(C=C4C(=O)C(=CN(C4=N3)C5=C(C=C(C=C5)F)F)C(=O)O)F,1,DILIrank,NC1[C@H]2CN(c3nc4c(cc3F)c(=O)c(C(=O)O)cn4-c3ccc(F)cc3F)C[C@@H]12,O=c1ccn(-c2ccccc2)c2nc(N3CC4CC4C3)ccc12
CN1C2=C(C3=CC=CC=C3S1(=O)=O)OC(=O)N(C2=O)C4=CC=CC=N4,1,DILIrank,CN1c2c(oc(=O)n(-c3ccccn3)c2=O)-c2ccccc2S1(=O)=O,O=c1oc2c(c(=O)n1-c1ccccn1)NS(=O)(=O)c1ccccc1-2
CCCCOCC(CN1C(=O)C(C(=O)NC1=O)(CC)C2=CC=CC=C2)OC(=O)N.CCCCOCC(CN1C(=O)C(C(=O)N(C1=O)CC(COCCCC)OC(=O)N)(CC)C2=CC=CC=C2)OC(=O)N.CCC1(C(=O)NC(=O)NC1=O)C2=CC=CC=C2,1,DILIrank,CCC1(c2ccccc2)C(=O)NC(=O)NC1=O.CCCCOCC(CN1C(=O)N(CC(COCCCC)OC(N)=O)C(=O)C(CC)(c2ccccc2)C1=O)OC(N)=O.CCCCOCC(CN1C(=O)NC(=O)C(CC)(c2ccccc2)C1=O)OC(N)=O,O=C1NC(=O)C(c2ccccc2)C(=O)N1.O=C1NC(=O)C(c2ccccc2)C(=O)N1.O=C1NC(=O)C(c2ccccc2)C(=O)N1
C1=CC(=CC=C1S(=O)(=O)NC=NCCSCC2=CSC(=N2)N=C(N)N)Br,1,DILIrank,NC(N)=Nc1nc(CSCCN=CNS(=O)(=O)c2ccc(Br)cc2)cs1,O=S(=O)(NC=NCCSCc1cscn1)c1ccccc1
CC1=CC(=CC(=C1OC2=NC(=NC(=C2Br)N)NC3=CC=C(C=C3)C#N)C)C#N,1,DILIrank,Cc1cc(C#N)cc(C)c1Oc1nc(Nc2ccc(C#N)cc2)nc(N)c1Br,c1ccc(Nc2nccc(Oc3ccccc3)n2)cc1
CCCCCOC1=CC=C(C=C1)C2=CC(=NO2)C3=CC=C(C=C3)C(=O)NC4CC(C(NC(=O)C5C(C(CN5C(=O)C(NC(=O)C(NC(=O)C6CC(CN6C(=O)C(NC4=O)C(C)O)O)C(C(C7=CC(=C(C=C7)O)OS(=O)(=O)O)O)O)C(CC(=O)N)O)C)O)O)O,1,DILIrank,CCCCCOc1ccc(-c2cc(-c3ccc(C(=O)NC4CC(O)C(O)NC(=O)C5C(O)C(C)CN5C(=O)C(C(O)CC(N)=O)NC(=O)C(C(O)C(O)c5ccc(O)c(OS(=O)(=O)O)c5)NC(=O)C5CC(O)CN5C(=O)C(C(C)O)NC4=O)cc3)no2)cc1,O=C(NC1CCCNC(=O)C2CCCN2C(=O)CNC(=O)C(CCc2ccccc2)NC(=O)C2CCCN2C(=O)CNC1=O)c1ccc(-c2cc(-c3ccccc3)on2)cc1
CC[C@@H]1[C@@]([C@@H]([C@H](C(=O)[C@@H](C[C@@]([C@@H]([C@H]([C@@H]([C@H](C(=O)O1)C)O[C@H]2C[C@@]([C@H]([C@@H](O2)C)O)(C)OC)C)O[C@H]3[C@@H]([C@H](C[C@H](O3)C)N(C)C)O)(C)O)C)C)O)(C)O,1,DILIrank,CC[C@H]1OC(=O)[C@H](C)[C@@H](O[C@H]2C[C@@](C)(OC)[C@@H](O)[C@H](C)O2)[C@H](C)[C@@H](O[C@@H]2O[C@H](C)C[C@H](N(C)C)[C@H]2O)[C@](C)(O)C[C@@H](C)C(=O)[C@H](C)[C@@H](O)[C@]1(C)O,O=C1CCCCOC(=O)CC(OC2CCCCO2)CC(OC2CCCCO2)CCC1
CC1=CC=CC=C1S(=O)(=O)NC(=O)C2=CC(=C(C=C2)CC3=CN(C4=C3C=C(C=C4)NC(=O)OC5CCCC5)C)OC,1,DILIrank,COc1cc(C(=O)NS(=O)(=O)c2ccccc2C)ccc1Cc1cn(C)c2ccc(NC(=O)OC3CCCC3)cc12,O=C(Nc1ccc2[nH]cc(Cc3ccc(C(=O)NS(=O)(=O)c4ccccc4)cc3)c2c1)OC1CCCC1
CC(C1=CC2=CC=CC=C2S1)N(C(=O)N)O,1,DILIrank,CC(c1cc2ccccc2s1)N(O)C(N)=O,c1ccc2sccc2c1
C1=CC2=C(C=C1Cl)NC(=O)O2,1,DILIrank,O=c1[nH]c2cc(Cl)ccc2o1,O=c1[nH]c2ccccc2o1
CC1=CC=CC=C1O[C@H](CCNC)C2=CC=CC=C2,1,DILIrank,CNCC[C@@H](Oc1ccccc1C)c1ccccc1,c1ccc(COc2ccccc2)cc1
CC(C)C1=NC(=CS1)CN(C)C(=O)N[C@@H](C(C)C)C(=O)N[C@@H](CC2=CC=CC=C2)C[C@@H]([C@H](CC3=CC=CC=C3)NC(=O)OCC4=CN=CS4)O,1,DILIrank,CC(C)c1nc(CN(C)C(=O)N[C@H](C(=O)N[C@@H](Cc2ccccc2)C[C@H](O)[C@H](Cc2ccccc2)NC(=O)OCc2cncs2)C(C)C)cs1,O=C(CNC(=O)NCc1cscn1)NC(CCC(Cc1ccccc1)NC(=O)OCc1cncs1)Cc1ccccc1
CC(=O)O[C@@H]1[C@@H](SC2=CC=CC=C2N(C1=O)CCN(C)C)C3=CC=C(C=C3)OC,1,DILIrank,COc1ccc([C@@H]2Sc3ccccc3N(CCN(C)C)C(=O)[C@@H]2OC(C)=O)cc1,O=C1CC(c2ccccc2)Sc2ccccc2N1
CC[C@@H]1[C@@]([C@@H]([C@H](C(=O)[C@@H](C[C@@]([C@@H]([C@H]([C@@H]([C@H](C(=O)O1)C)O[C@H]2C[C@@]([C@H]([C@@H](O2)C)O)(C)OC)C)O[C@H]3[C@@H]([C@H](C[C@H](O3)C)N(C)C)O)(C)OC)C)C)O)(C)O,1,DILIrank,CC[C@H]1OC(=O)[C@H](C)[C@@H](O[C@H]2C[C@@](C)(OC)[C@@H](O)[C@H](C)O2)[C@H](C)[C@@H](O[C@@H]2O[C@H](C)C[C@H](N(C)C)[C@H]2O)[C@](C)(OC)C[C@@H](C)C(=O)[C@H](C)[C@@H](O)[C@]1(C)O,O=C1CCCCOC(=O)CC(OC2CCCCO2)CC(OC2CCCCO2)CCC1
C[C@H]1/C=C/C=C(\C(=O)NC\2=C(C3=C(C(=C4C(=C3C(=O)/C2=C/NN5CCN(CC5)C)C(=O)[C@](O4)(O/C=C/[C@@H]([C@H]([C@H]([C@@H]([C@@H]([C@@H]([C@H]1O)C)O)C)OC(=O)C)C)OC)C)C)O)O)/C,1,DILIrank,CO[C@H]1/C=C/O[C@@]2(C)Oc3c(C)c(O)c4c(c3C2=O)C(=O)/C(=C/NN2CCN(C)CC2)C(=C4O)NC(=O)/C(C)=C\C=C\[C@H](C)[C@H](O)[C@@H](C)[C@@H](O)[C@@H](C)[C@H](OC(C)=O)[C@@H]1C,O=C1C=CC=CCCCCCCCCC=COC2Oc3ccc4c(c3C2=O)C(=O)C(=CNN2CCNCC2)C(=C4)N1
C[C@H]1COC2=C3N1C=C(C(=O)C3=CC(=C2N4CCN(CC4)C)F)C(=O)O,1,DILIrank,C[C@H]1COc2c(N3CCN(C)CC3)c(F)cc3c(=O)c(C(=O)O)cn1c23,O=c1ccn2c3c(c(N4CCNCC4)ccc13)OCC2
C[C@]12CC[C@H]3[C@H]([C@@H]1CC[C@@H]2O)CCC4=CC(=O)CC[C@]34C,1,DILIrank,C[C@]12CC[C@H]3[C@@H](CCC4=CC(=O)CC[C@@]43C)[C@@H]1CC[C@@H]2O,O=C1C=C2CCC3C4CCCC4CCC3C2CC1
C1=NC2=C(N1)C(=S)N=CN2,1,DILIrank,S=c1nc[nH]c2nc[nH]c12,S=c1nc[nH]c2nc[nH]c12
CC(=O)NC1=CC=C(C=C1)O,1,DILIrank,CC(=O)Nc1ccc(O)cc1,c1ccccc1
C1=CC=C(C=C1)C2(C(=O)NC(=O)N2)C3=CC=CC=C3,1,DILIrank,O=C1NC(=O)C(c2ccccc2)(c2ccccc2)N1,O=C1NC(=O)C(c2ccccc2)(c2ccccc2)N1
C1=C2C(=NC=NC2=O)NN1,1,DILIrank,O=c1ncnc2[nH][nH]cc1-2,O=c1ncnc2[nH][nH]cc1-2
C1=CC=C2C(=C1)C=CC3=CC=CC=C3N2C(=O)N,1,DILIrank,NC(=O)N1c2ccccc2C=Cc2ccccc21,C1=Cc2ccccc2Nc2ccccc21
CC(CCC1=CC=CC=C1)NCC(C2=CC(=C(C=C2)O)C(=O)N)O,1,DILIrank,CC(CCc1ccccc1)NCC(O)c1ccc(O)c(C(N)=O)c1,c1ccc(CCCNCCc2ccccc2)cc1
CN(C)[C@H]1[C@@H]2C[C@@H]3CC4=C(C=CC(=C4C(=C3C(=O)[C@@]2(C(=O)/C(=C(/N)\O)/C1=O)O)O)O)N(C)C,1,DILIrank,CN(C)c1ccc(O)c2c1C[C@H]1C[C@H]3[C@H](N(C)C)C(=O)/C(=C(\N)O)C(=O)[C@@]3(O)C(=O)C1=C2O,C=C1C(=O)CC2CC3Cc4ccccc4C=C3C(=O)C2C1=O
C1C(=O)NC(=O)N1/N=C\C2=CC=C(O2)[N+](=O)[O-],1,DILIrank,O=C1CN(/N=C\c2ccc([N+](=O)[O-])o2)C(=O)N1,O=C1CN(N=Cc2ccco2)C(=O)N1
CC/C(=C(\C1=CC=CC=C1)/C2=CC=C(C=C2)OCCN(C)C)/C3=CC=CC=C3,1,DILIrank,CC/C(=C(\c1ccccc1)c1ccc(OCCN(C)C)cc1)c1ccccc1,C(=C(c1ccccc1)c1ccccc1)c1ccccc1
C1=CC(=C(C=C1F)F)C(CN2C=NC=N2)(CN3C=NC=N3)O,1,DILIrank,OC(Cn1cncn1)(Cn1cncn1)c1ccc(F)cc1F,c1ccc(C(Cn2cncn2)Cn2cncn2)cc1
C1=CC(=CN=C1)C(=O)O,1,DILIrank,O=C(O)c1cccnc1,c1ccncc1
C1=CC=NC(=C1)NS(=O)(=O)C2=CC=C(C=C2)N/N=C/3\C=CC(=O)C(=C3)C(=O)O,1,DILIrank,O=C(O)C1=C/C(=N/Nc2ccc(S(=O)(=O)Nc3ccccn3)cc2)C=CC1=O,O=C1C=CC(=NNc2ccc(S(=O)(=O)Nc3ccccn3)cc2)C=C1
CC1=C(C2=C(N1C(=O)C3=CC=C(C=C3)Cl)C=CC(=C2)OC)CC(=O)O,1,DILIrank,COc1ccc2c(c1)c(CC(=O)O)c(C)n2C(=O)c1ccc(Cl)cc1,O=C(c1ccccc1)n1ccc2ccccc21
C1=CC=C(C(=C1)CC(=O)O)NC2=C(C=CC=C2Cl)Cl,1,DILIrank,O=C(O)Cc1ccccc1Nc1c(Cl)cccc1Cl,c1ccc(Nc2ccccc2)cc1
C1CC1N2C=C(C(=O)C3=CC(=C(C=C32)N4CCNCC4)F)C(=O)O,1,DILIrank,O=C(O)c1cn(C2CC2)c2cc(N3CCNCC3)c(F)cc2c1=O,O=c1ccn(C2CC2)c2cc(N3CCNCC3)ccc12
C1C[C@@H](O[C@@H]1CO)N2C=NC3=C2NC=NC3=O,1,DILIrank,O=c1nc[nH]c2c1ncn2[C@H]1CC[C@@H](CO)O1,O=c1nc[nH]c2c1ncn2C1CCCO1
C[C@](CC1=CC(=C(C=C1)O)O)(C(=O)O)N,1,DILIrank,C[C@](N)(Cc1ccc(O)c(O)c1)C(=O)O,c1ccccc1
CS(=O)(=O)OCCCCOS(=O)(=O)C,1,DILIrank,CS(=O)(=O)OCCCCOS(C)(=O)=O,ACYCLIC::CS(=O)(=O)OCCCCOS(C)(=O)=O
C1=CC(=C(C=C1N)O)C(=O)O,1,DILIrank,Nc1ccc(C(=O)O)c(O)c1,c1ccccc1
CC1C(C(=O)NC(C(=O)N2CCCC2C(=O)N(CC(=O)N(C(C(=O)O1)C(C)C)C)C)C(C)C)NC(=O)C3=C4C(=C(C=C3)C)OC5=C(C(=O)C(=C(C5=N4)C(=O)NC6C(OC(=O)C(N(C(=O)CN(C(=O)C7CCCN7C(=O)C(NC6=O)C(C)C)C)C)C(C)C)C)N)C,1,DILIrank,Cc1c2oc3c(C)ccc(C(=O)NC4C(=O)NC(C(C)C)C(=O)N5CCCC5C(=O)N(C)CC(=O)N(C)C(C(C)C)C(=O)OC4C)c3nc-2c(C(=O)NC2C(=O)NC(C(C)C)C(=O)N3CCCC3C(=O)N(C)CC(=O)N(C)C(C(C)C)C(=O)OC2C)c(N)c1=O,O=C1CNC(=O)C2CCCN2C(=O)CNC(=O)C(NC(=O)c2cc(=O)cc3oc4cccc(C(=O)NC5COC(=O)CNC(=O)CNC(=O)C6CCCN6C(=O)CNC5=O)c4nc2-3)COC(=O)CN1
CN1CCN(CC1)C2=C3C=CC=CC3=NC4=C(N2)C=C(C=C4)Cl,1,DILIrank,CN1CCN(C2=c3ccccc3=Nc3ccc(Cl)cc3N2)CC1,c1ccc2c(c1)N=c1ccccc1=C(N1CCNCC1)N2
CCCCCCCCCCC[C@@H](C[C@H]1[C@@H](C(=O)O1)CCCCCC)OC(=O)[C@H](CC(C)C)NC=O,1,DILIrank,CCCCCCCCCCC[C@@H](C[C@@H]1OC(=O)[C@H]1CCCCCC)OC(=O)[C@H](CC(C)C)NC=O,O=C1CCO1
C1CN(CC2=C1SC=C2)CC3=CC=CC=C3Cl,1,DILIrank,Clc1ccccc1CN1CCc2sccc2C1,c1ccc(CN2CCc3sccc3C2)cc1
CN1C=NC(=C1SC2=NC=NC3=C2NC=N3)[N+](=O)[O-],1,DILIrank,Cn1cnc([N+](=O)[O-])c1Sc1ncnc2nc[nH]c12,c1nc(Sc2cnc[nH]2)c2[nH]cnc2n1
CC1=C(C2=C(C1=CC3=CC=C(C=C3)S(=O)C)C=CC(=C2)F)CC(=O)O,1,DILIrank,CC1=C(CC(=O)O)c2cc(F)ccc2C1=Cc1ccc(S(C)=O)cc1,C1=Cc2ccccc2C1=Cc1ccccc1
C1CC1NC2=NC(=NC3=C2N=CN3C4C[C@H](C=C4)CO)N,1,DILIrank,Nc1nc(NC2CC2)c2ncn(C3C=C[C@H](CO)C3)c2n1,C1=CC(n2cnc3c(NC4CC4)ncnc32)CC1
CCCSC1=CC2=C(C=C1)N=C(N2)NC(=O)OC,1,DILIrank,CCCSc1ccc2nc(NC(=O)OC)[nH]c2c1,c1ccc2[nH]cnc2c1
CC[C@@H]1[C@@]2([C@@H]([C@H](C(=O)[C@@H](C[C@]([C@@H]([C@H](C(=O)[C@H](C(=O)O1)C)C)O[C@H]3[C@@H]([C@H](C[C@H](O3)C)N(C)C)O)(C)OC)C)C)N(C(=O)O2)CCCCN4C=C(N=C4)C5=CN=CC=C5)C,1,DILIrank,CC[C@H]1OC(=O)[C@H](C)C(=O)[C@H](C)[C@@H](O[C@@H]2O[C@H](C)C[C@H](N(C)C)[C@H]2O)[C@@](C)(OC)C[C@@H](C)C(=O)[C@H](C)[C@H]2N(CCCCn3cnc(-c4cccnc4)c3)C(=O)O[C@]12C,O=C1CC(=O)OCC2OC(=O)N(CCCCn3cnc(-c4cccnc4)c3)C2CC(=O)CCCC(OC2CCCCO2)C1
C[C@](CS(=O)(=O)C1=CC=C(C=C1)F)(C(=O)NC2=CC(=C(C=C2)C#N)C(F)(F)F)O,1,DILIrank,C[C@](O)(CS(=O)(=O)c1ccc(F)cc1)C(=O)Nc1ccc(C#N)c(C(F)(F)F)c1,O=C(CCS(=O)(=O)c1ccccc1)Nc1ccccc1
C(=O)(N)NO,1,DILIrank,NC(=O)NO,ACYCLIC::NC(=O)NO
CN(C)CCCN1C2=CC=CC=C2CCC3=C1C=C(C=C3)Cl,1,DILIrank,CN(C)CCCN1c2ccccc2CCc2ccc(Cl)cc21,c1ccc2c(c1)CCc1ccccc1N2
C[C@@H]1CC(=O)C=C([C@]12C(=O)C3=C(O2)C(=C(C=C3OC)OC)Cl)OC,1,DILIrank,COC1=CC(=O)C[C@@H](C)[C@]12Oc1c(Cl)c(OC)cc(OC)c1C2=O,O=C1C=CC2(CC1)Oc1ccccc1C2=O
CN1C=CNC1=S,1,DILIrank,Cn1cc[nH]c1=S,S=c1[nH]cc[nH]1
C1=CC(=C(C=C1C2=C(C=C(C=C2)F)F)C(=O)O)O,1,DILIrank,O=C(O)c1cc(-c2ccc(F)cc2F)ccc1O,c1ccc(-c2ccccc2)cc1
CC1=C(C(CCC1)(C)C)/C=C/C(=C/C=C/C(=C\C(=O)O)/C)/C,1,DILIrank,CC1=C(/C=C/C(C)=C/C=C/C(C)=C\C(=O)O)C(C)(C)CCC1,C1=CCCCC1
C1CC[C@H]([C@@H](C1)N)N.C(=O)(C(=O)[O-])[O-].[Pt+2],1,DILIrank,N[C@@H]1CCCC[C@H]1N.O=C([O-])C(=O)[O-].[Pt+2],C1CCCCC1
COCCOC1=C(C=C2C(=C1)C(=NC=N2)NC3=CC=CC(=C3)C#C)OCCOC,1,DILIrank,C#Cc1cccc(Nc2ncnc3cc(OCCOC)c(OCCOC)cc23)c1,c1ccc(Nc2ncnc3ccccc23)cc1
CCN(CC)C(=O)[C@@]1(C[C@@H]1CN)C2=CC=CC=C2,1,DILIrank,CCN(CC)C(=O)[C@]1(c2ccccc2)C[C@@H]1CN,c1ccc(C2CC2)cc1
C(C(C(=O)[O-])N)C(=O)N,1,DILIrank,NC(=O)CC(N)C(=O)[O-],ACYCLIC::NC(=O)CC(N)C(=O)[O-]
CCCN(CCOC1=C(C=C(C=C1Cl)Cl)Cl)C(=O)N2C=CN=C2.C(S(=O)(=O)[O-])(I)I.[Na+],1,DILIrank,CCCN(CCOc1c(Cl)cc(Cl)cc1Cl)C(=O)n1ccnc1.O=S(=O)([O-])C(I)I.[Na+],O=C(NCCOc1ccccc1)n1ccnc1
C1=CN(C(=O)N=C1N)[C@H]2C([C@@H]([C@H](O2)CO)O)(F)F,1,DILIrank,Nc1ccn([C@@H]2O[C@H](CO)[C@@H](O)C2(F)F)c(=O)n1,O=c1ncccn1C1CCCO1
CC1=CC(=C(C=C1)C)OCCCC(C)(C)C(=O)O,1,DILIrank,Cc1ccc(C)c(OCCCC(C)(C)C(=O)O)c1,c1ccccc1
COC1=C(C=C2C(=C1)N=CN=C2NC3=CC(=C(C=C3)F)Cl)OCCCN4CCOCC4,1,DILIrank,COc1cc2ncnc(Nc3ccc(F)c(Cl)c3)c2cc1OCCCN1CCOCC1,c1ccc(Nc2ncnc3ccc(OCCCN4CCOCC4)cc23)cc1
C1=CC(=C(C(=C1)Cl)Cl)C2=C(N=C(N=N2)N)N,1,DILIrank,Nc1nnc(-c2cccc(Cl)c2Cl)c(N)n1,c1ccc(-c2cncnn2)cc1
CC(C)C1=C(C(=C(N1CC[C@H](C[C@H](CC(=O)O)O)O)C2=CC=C(C=C2)F)C3=CC=CC=C3)C(=O)NC4=CC=CC=C4,1,DILIrank,CC(C)c1c(C(=O)Nc2ccccc2)c(-c2ccccc2)c(-c2ccc(F)cc2)n1CC[C@@H](O)C[C@@H](O)CC(=O)O,O=C(Nc1ccccc1)c1c[nH]c(-c2ccccc2)c1-c1ccccc1
CCN(CC)C(=S)SSC(=S)N(CC)CC,1,DILIrank,CCN(CC)C(=S)SSC(=S)N(CC)CC,ACYCLIC::CCN(CC)C(=S)SSC(=S)N(CC)CC
CC1(C(=O)N(C(=O)N1)C2=CC(=C(C=C2)[N+](=O)[O-])C(F)(F)F)C,1,DILIrank,CC1(C)NC(=O)N(c2ccc([N+](=O)[O-])c(C(F)(F)F)c2)C1=O,O=C1CNC(=O)N1c1ccccc1
CC(C)(C)C#CC=CCN(C)CC1=CC=CC2=CC=CC=C21,1,DILIrank,CN(CC=CC#CC(C)(C)C)Cc1cccc2ccccc12,c1ccc2ccccc2c1
CC1=C(C=C(C=C1)NC(=O)C2=CC=C(C=C2)CN3CCN(CC3)C)NC4=NC=CC(=N4)C5=CN=CC=C5,1,DILIrank,Cc1ccc(NC(=O)c2ccc(CN3CCN(C)CC3)cc2)cc1Nc1nccc(-c2cccnc2)n1,O=C(Nc1cccc(Nc2nccc(-c3cccnc3)n2)c1)c1ccc(CN2CCNCC2)cc1
B([C@@H](CC(C)C)NC(=O)[C@@H](CC1=CC=CC=C1)NC(=O)C2=NC=CN=C2)(O)O,1,DILIrank,CC(C)C[C@@H](NC(=O)[C@@H](Cc1ccccc1)NC(=O)c1cnccn1)B(O)O,O=C(NCCc1ccccc1)c1cnccn1
CCC(CO)NCCNC(CC)CO,1,DILIrank,CCC(CO)NCCNC(CC)CO,ACYCLIC::CCC(CO)NCCNC(CC)CO
C1CN=C(N1)NC2=C(C=CC3=NSN=C32)Cl,1,DILIrank,Clc1ccc2nsnc2c1NC1=NCCN1,c1cc(NC2=NCCN2)c2nsnc2c1
CCC(C)N1C(=O)N(C=N1)C2=CC=C(C=C2)N3CCN(CC3)C4=CC=C(C=C4)OC[C@H]5CO[C@](O5)(CN6C=NC=N6)C7=C(C=C(C=C7)Cl)Cl,1,DILIrank,CCC(C)n1ncn(-c2ccc(N3CCN(c4ccc(OC[C@H]5CO[C@](Cn6cncn6)(c6ccc(Cl)cc6Cl)O5)cc4)CC3)cc2)c1=O,O=c1[nH]ncn1-c1ccc(N2CCN(c3ccc(OCC4COC(Cn5cncn5)(c5ccccc5)O4)cc3)CC2)cc1
CC(C)CN(C[C@H]([C@H](CC1=CC=CC=C1)NC(=O)O[C@H]2CO[C@@H]3[C@H]2CCO3)O)S(=O)(=O)C4=CC=C(C=C4)N,1,DILIrank,CC(C)CN(C[C@@H](O)[C@H](Cc1ccccc1)NC(=O)O[C@H]1CO[C@H]2OCC[C@H]21)S(=O)(=O)c1ccc(N)cc1,O=C(NC(CCNS(=O)(=O)c1ccccc1)Cc1ccccc1)OC1COC2OCCC12
C1CC1C#C[C@]2(C3=C(C=CC(=C3)Cl)NC(=O)O2)C(F)(F)F,1,DILIrank,O=C1Nc2ccc(Cl)cc2[C@@](C#CC2CC2)(C(F)(F)F)O1,O=C1Nc2ccccc2C(C#CC2CC2)O1
CNCC[C@@H](C1=CC=CS1)OC2=CC=CC3=CC=CC=C32,1,DILIrank,CNCC[C@H](Oc1cccc2ccccc12)c1cccs1,c1csc(COc2cccc3ccccc23)c1
C1=CC=C2C(=C1)NC(=N2)C3=CSC=N3,1,DILIrank,c1ccc2[nH]c(-c3cscn3)nc2c1,c1ccc2[nH]c(-c3cscn3)nc2c1
CC1=CC=CC=C1C(=O)NC2=CC(=C(C=C2)C(=O)N3CCCC(C4=C3C=CC(=C4)Cl)O)C,1,DILIrank,Cc1ccccc1C(=O)Nc1ccc(C(=O)N2CCCC(O)c3cc(Cl)ccc32)c(C)c1,O=C(Nc1ccc(C(=O)N2CCCCc3ccccc32)cc1)c1ccccc1
CCCCC1=C(C2=C(O1)C=CC(=C2)NS(=O)(=O)C)C(=O)C3=CC=C(C=C3)OCCCN(CCCC)CCCC,1,DILIrank,CCCCc1oc2ccc(NS(C)(=O)=O)cc2c1C(=O)c1ccc(OCCCN(CCCC)CCCC)cc1,O=C(c1ccccc1)c1coc2ccccc12
CC1=C(SC(=N1)C2=CC(=C(C=C2)OCC(C)C)C#N)C(=O)O,1,DILIrank,Cc1nc(-c2ccc(OCC(C)C)c(C#N)c2)sc1C(=O)O,c1ccc(-c2nccs2)cc1
C[C@@H]1[C@H]([C@@H]([C@H]([C@H](O1)O[C@@H]2[C@H](O[C@@H]([C@@H]([C@H]2O)O)O[C@@H]3[C@H](O[C@H]([C@@H]([C@H]3O)O)O)CO)CO)O)O)N[C@H]4C=C([C@@H]([C@@H]([C@H]4O)O)O)CO,1,DILIrank,C[C@H]1O[C@H](O[C@H]2[C@H](O)[C@@H](O)[C@@H](O[C@H]3[C@H](O)[C@@H](O)[C@H](O)O[C@@H]3CO)O[C@@H]2CO)[C@H](O)[C@@H](O)[C@@H]1N[C@H]1C=C(CO)[C@H](O)[C@H](O)[C@H]1O,C1=CC(NC2CCC(OC3CCC(OC4CCCOC4)OC3)OC2)CCC1
C[C@@H](C1=NC=NC=C1F)[C@](CN2C=NC=N2)(C3=C(C=C(C=C3)F)F)O,1,DILIrank,C[C@@H](c1ncncc1F)[C@](O)(Cn1cncn1)c1ccc(F)cc1F,c1ccc(C(Cc2ccncn2)Cn2cncn2)cc1
CC12CCC3C(C1CCC2O)CCC4=C3C=CC(=C4)OC(=O)N(CCCl)CCCl,1,DILIrank,CC12CCC3c4ccc(OC(=O)N(CCCl)CCCl)cc4CCC3C1CCC2O,c1ccc2c(c1)CCC1C2CCC2CCCC21
C[C@]12CC[C@H]3[C@H]([C@@H]1CC[C@@H]2O)CCC4=CC(=O)CC[C@H]34,1,DILIrank,C[C@]12CC[C@H]3[C@@H](CCC4=CC(=O)CC[C@@H]43)[C@@H]1CC[C@@H]2O,O=C1C=C2CCC3C4CCCC4CCC3C2CC1
CCC1=CC=CC2=C1NC3=C2CCOC3(CC)CC(=O)O,1,DILIrank,CCc1cccc2c3c([nH]c12)C(CC)(CC(=O)O)OCC3,c1ccc2c3c([nH]c2c1)COCC3
C[C@]12CC[C@H]3[C@H]([C@@H]1CCC2=O)CC(=C)C4=CC(=O)C=C[C@]34C,1,DILIrank,C=C1C[C@@H]2[C@H](CC[C@]3(C)C(=O)CC[C@@H]23)[C@@]2(C)C=CC(=O)C=C12,C=C1CC2C(CCC3C(=O)CCC32)C2C=CC(=O)C=C12
C1=CC=C(C=C1)C2(C(=O)N(C(=O)N2)COP(=O)(O)O)C3=CC=CC=C3,1,DILIrank,O=C1NC(c2ccccc2)(c2ccccc2)C(=O)N1COP(=O)(O)O,O=C1NC(=O)C(c2ccccc2)(c2ccccc2)N1
CC1=CC(=C(C(=C1/C=C/C(=C/C=C/C(=C\C(=O)O)/C)/C)C)C)OC,1,DILIrank,COc1cc(C)c(/C=C/C(C)=C/C=C/C(C)=C\C(=O)O)c(C)c1C,c1ccccc1
CC(=O)N1CCN(CC1)C2=CC=C(C=C2)OC[C@@H]3CO[C@@](O3)(CN4C=CN=C4)C5=C(C=C(C=C5)Cl)Cl,1,DILIrank,CC(=O)N1CCN(c2ccc(OC[C@@H]3CO[C@@](Cn4ccnc4)(c4ccc(Cl)cc4Cl)O3)cc2)CC1,c1ccc(C2(Cn3ccnc3)OCC(COc3ccc(N4CCNCC4)cc3)O2)cc1
CCC1=NN(C(=O)N1CCOC2=CC=CC=C2)CCCN3CCN(CC3)C4=CC(=CC=C4)Cl,1,DILIrank,CCc1nn(CCCN2CCN(c3cccc(Cl)c3)CC2)c(=O)n1CCOc1ccccc1,O=c1n(CCOc2ccccc2)cnn1CCCN1CCN(c2ccccc2)CC1
CCCC(CCC)C(=O)O,1,DILIrank,CCCC(CCC)C(=O)O,ACYCLIC::CCCC(CCC)C(=O)O
C1=CN=CC=C1C(=O)NN,1,DILIrank,NNC(=O)c1ccncc1,c1ccncc1
CCCCC1=C(C2=CC=CC=C2O1)C(=O)C3=CC(=C(C(=C3)I)OCCN(CC)CC)I,1,DILIrank,CCCCc1oc2ccccc2c1C(=O)c1cc(I)c(OCCN(CC)CC)c(I)c1,O=C(c1ccccc1)c1coc2ccccc12
CC(C)C(=O)NC1=CC(=C(C=C1)[N+](=O)[O-])C(F)(F)F,1,DILIrank,CC(C)C(=O)Nc1ccc([N+](=O)[O-])c(C(F)(F)F)c1,c1ccccc1
CC1=CN(C(=O)NC1=O)[C@H]2C=C[C@H](O2)CO,1,DILIrank,Cc1cn([C@H]2C=C[C@@H](CO)O2)c(=O)[nH]c1=O,O=c1ccn(C2C=CCO2)c(=O)[nH]1
CC1=CN(C(=O)NC1=O)[C@H]2C[C@@H]([C@H](O2)CO)N=[N+]=[N-],1,DILIrank,Cc1cn([C@H]2C[C@H](N=[N+]=[N-])[C@@H](CO)O2)c(=O)[nH]c1=O,O=c1ccn(C2CCCO2)c(=O)[nH]1
CN(CC1=CN=C2C(=N1)C(=NC(=N2)N)N)C3=CC=C(C=C3)C(=O)N[C@@H](CCC(=O)O)C(=O)O,1,DILIrank,CN(Cc1cnc2nc(N)nc(N)c2n1)c1ccc(C(=O)N[C@@H](CCC(=O)O)C(=O)O)cc1,c1ccc(NCc2cnc3ncncc3n2)cc1
C1C(=O)NC(=O)N1N=CC2=CC=C(O2)C3=CC=C(C=C3)[N+](=O)[O-],1,DILIrank,O=C1CN(N=Cc2ccc(-c3ccc([N+](=O)[O-])cc3)o2)C(=O)N1,O=C1CN(N=Cc2ccc(-c3ccccc3)o2)C(=O)N1
C[C@]12CC[C@H]3[C@H]([C@@H]1CC[C@]2(C)O)CC[C@@H]4[C@@]3(CC(=CO)C(=O)C4)C,1,DILIrank,C[C@]12CC(=CO)C(=O)C[C@@H]1CC[C@@H]1[C@@H]2CC[C@@]2(C)[C@H]1CC[C@]2(C)O,C=C1CC2C(CCC3C4CCCC4CCC23)CC1=O
C[C@]12CC[C@H]3[C@H]([C@@H]1CC[C@]2(C#C)O)CCC4=CC5=C(C[C@]34C)C=NO5,1,DILIrank,C#C[C@]1(O)CC[C@H]2[C@@H]3CCC4=Cc5oncc5C[C@]4(C)[C@H]3CC[C@@]21C,C1=C2CCC3C4CCCC4CCC3C2Cc2cnoc21
CN(C)N/N=C\1/C(=NC=N1)C(=O)N,1,DILIrank,CN(C)N/N=C1\N=CN=C1C(N)=O,N=C1C=NC=N1
CC1=CC=C(C=C1)C(=O)C2=CC(=C(C(=C2)O)O)[N+](=O)[O-],1,DILIrank,Cc1ccc(C(=O)c2cc(O)c(O)c([N+](=O)[O-])c2)cc1,O=C(c1ccccc1)c1ccccc1
CC1=C(C=NO1)C(=O)NC2=CC=C(C=C2)C(F)(F)F,1,DILIrank,Cc1oncc1C(=O)Nc1ccc(C(F)(F)F)cc1,O=C(Nc1ccccc1)c1cnoc1
CC1=C(C(=CC=C1)C)OCC(C)N,1,DILIrank,Cc1cccc(C)c1OCC(C)N,c1ccccc1
CC(C)(C)C1=CC=C(C=C1)S(=O)(=O)NC2=C(C(=NC(=N2)C3=NC=CC=N3)OCCO)OC4=CC=CC=C4OC,1,DILIrank,COc1ccccc1Oc1c(NS(=O)(=O)c2ccc(C(C)(C)C)cc2)nc(-c2ncccn2)nc1OCCO,O=S(=O)(Nc1nc(-c2ncccn2)ncc1Oc1ccccc1)c1ccccc1
C[C@]12CC[C@H]3[C@H]([C@@H]1CC[C@]2(C)O)CC[C@@H]4[C@@]3(COC(=O)C4)C,1,DILIrank,C[C@]12COC(=O)C[C@@H]1CC[C@@H]1[C@@H]2CC[C@@]2(C)[C@H]1CC[C@]2(C)O,O=C1CC2CCC3C4CCCC4CCC3C2CO1
CS(=O)(=O)CCNCC1=CC=C(O1)C2=CC3=C(C=C2)N=CN=C3NC4=CC(=C(C=C4)OCC5=CC(=CC=C5)F)Cl,1,DILIrank,CS(=O)(=O)CCNCc1ccc(-c2ccc3ncnc(Nc4ccc(OCc5cccc(F)c5)c(Cl)c4)c3c2)o1,c1ccc(COc2ccc(Nc3ncnc4ccc(-c5ccco5)cc34)cc2)cc1
CCCC1=CC(=O)NC(=S)N1,1,DILIrank,CCCc1cc(=O)[nH]c(=S)[nH]1,O=c1cc[nH]c(=S)[nH]1
CC1=C2C(=NC=C1)N(C3=C(C=CC=N3)C(=O)N2)C4CC4,1,DILIrank,Cc1ccnc2c1NC(=O)c1cccnc1N2C1CC1,O=C1Nc2cccnc2N(C2CC2)c2ncccc21
C1=C/C(=C/2\N/C(=C\3/C=CC=CC3=O)/N(N2)C4=CC=C(C=C4)C(=O)O)/C(=O)C=C1,1,DILIrank,O=C1C=CC=C/C1=C1\N/C(=C2/C=CC=CC2=O)N(c2ccc(C(=O)O)cc2)N1,O=C1C=CC=CC1=C1NC(=C2C=CC=CC2=O)N(c2ccccc2)N1
CCN(CC)CCNC(=O)C1=C(NC(=C1C)/C=C\2/C3=C(C=CC(=C3)F)NC2=O)C,1,DILIrank,CCN(CC)CCNC(=O)c1c(C)[nH]c(/C=C2\C(=O)Nc3ccc(F)cc32)c1C,O=C1Nc2ccccc2C1=Cc1ccc[nH]1
CC1=C(C=C(C=C1)NC2=NC=CC(=N2)N(C)C3=CC4=NN(C(=C4C=C3)C)C)S(=O)(=O)N,1,DILIrank,Cc1ccc(Nc2nccc(N(C)c3ccc4c(C)n(C)nc4c3)n2)cc1S(N)(=O)=O,c1ccc(Nc2nccc(Nc3ccc4c[nH]nc4c3)n2)cc1
CCC[C@]1(CC(=O)C(=C(O1)O)[C@H](CC)C2=CC(=CC=C2)NS(=O)(=O)C3=NC=C(C=C3)C(F)(F)F)CCC4=CC=CC=C4,1,DILIrank,CCC[C@@]1(CCc2ccccc2)CC(=O)C([C@H](CC)c2cccc(NS(=O)(=O)c3ccc(C(F)(F)F)cn3)c2)=C(O)O1,O=C1CC(CCc2ccccc2)OC=C1Cc1cccc(NS(=O)(=O)c2ccccn2)c1
CN1C(S(=O)(=O)CCC1=O)C2=CC=C(C=C2)Cl,1,DILIrank,CN1C(=O)CCS(=O)(=O)C1c1ccc(Cl)cc1,O=C1CCS(=O)(=O)C(c2ccccc2)N1
CC1=C(C(=CC=C1)NC2=CC=CC=C2C(=O)O)C,1,DILIrank,Cc1cccc(Nc2ccccc2C(=O)O)c1C,c1ccc(Nc2ccccc2)cc1
C1[C@H](C2=C(NC=N1)N(C=N2)C3CC(C(O3)CO)O)O,1,DILIrank,OCC1OC(n2cnc3c2NC=NC[C@H]3O)CC1O,C1=NCCc2ncn(C3CCCO3)c2N1
C1=CC=C(C=C1)C(COC(=O)N)COC(=O)N,1,DILIrank,NC(=O)OCC(COC(N)=O)c1ccccc1,c1ccccc1
C1=CN(C(=O)N=C1N)[C@H]2[C@H]([C@@H]([C@H](O2)CO)O)O,1,DILIrank,Nc1ccn([C@@H]2O[C@H](CO)[C@@H](O)[C@@H]2O)c(=O)n1,O=c1ncccn1C1CCCO1
CC(C)NNC(=O)C1=CC=NC=C1,1,DILIrank,CC(C)NNC(=O)c1ccncc1,c1ccncc1
C1=CC(=C(C(=C1)CC(=O)O)N)C(=O)C2=CC=C(C=C2)Br,1,DILIrank,Nc1c(CC(=O)O)cccc1C(=O)c1ccc(Br)cc1,O=C(c1ccccc1)c1ccccc1
C1CCC(CC1)C(CC2CCCCN2)C3CCCCC3,1,DILIrank,C1CCC(C(CC2CCCCN2)C2CCCCC2)CC1,C1CCC(C(CC2CCCCN2)C2CCCCC2)CC1
CCC1=C(C2=CC=CC=C2O1)C(=O)C3=CC(=C(C(=C3)Br)O)Br,1,DILIrank,CCc1oc2ccccc2c1C(=O)c1cc(Br)c(O)c(Br)c1,O=C(c1ccccc1)c1coc2ccccc12
C1=CSC(=C1)C(=O)C2=C(C(=C(C=C2)OCC(=O)O)Cl)Cl,1,DILIrank,O=C(O)COc1ccc(C(=O)c2cccs2)c(Cl)c1Cl,O=C(c1ccccc1)c1cccs1
C[C@@H](C(=O)N[C@@H](C)C(=O)NC1[C@H]2[C@@H]1CN(C2)C3=C(C=C4C(=O)C(=CN(C4=N3)C5=C(C=C(C=C5)F)F)C(=O)O)F)N,1,DILIrank,C[C@H](N)C(=O)N[C@@H](C)C(=O)NC1[C@H]2CN(c3nc4c(cc3F)c(=O)c(C(=O)O)cn4-c3ccc(F)cc3F)C[C@@H]12,O=c1ccn(-c2ccccc2)c2nc(N3CC4CC4C3)ccc12
C1=CC=C(C(=C1)C(=O)OCC(CO)O)NC2=C3C=CC(=CC3=NC=C2)Cl,1,DILIrank,O=C(OCC(O)CO)c1ccccc1Nc1ccnc2cc(Cl)ccc12,c1ccc(Nc2ccnc3ccccc23)cc1
CCCN(CCC)C(=O)CC1=C(N=C2N1C=C(C=C2)Cl)C3=CC=C(C=C3)Cl,1,DILIrank,CCCN(CCC)C(=O)Cc1c(-c2ccc(Cl)cc2)nc2ccc(Cl)cn12,c1ccc(-c2cn3ccccc3n2)cc1
CC(C1=CC(=C(C=C1)N2CC=CC2)Cl)C(=O)O,1,DILIrank,CC(C(=O)O)c1ccc(N2CC=CC2)c(Cl)c1,C1=CCN(c2ccccc2)C1
C1=CC=C(C=C1)C2C(=O)N=C(O2)N,1,DILIrank,NC1=NC(=O)C(c2ccccc2)O1,O=C1N=COC1c1ccccc1
CN1CC(C2=C(C1)C(=CC=C2)N)C3=CC=CC=C3,1,DILIrank,CN1Cc2c(N)cccc2C(c2ccccc2)C1,c1ccc(C2CNCc3ccccc32)cc1
CC(C1=CC2=C(C=C1)OC(=N2)C3=CC=C(C=C3)Cl)C(=O)O,1,DILIrank,CC(C(=O)O)c1ccc2oc(-c3ccc(Cl)cc3)nc2c1,c1ccc(-c2nc3ccccc3o2)cc1
CC(C)CC1=CC=C(C=C1)CC(=O)O,1,DILIrank,CC(C)Cc1ccc(CC(=O)O)cc1,c1ccccc1
C1=CC=C(C=C1)C2=NC3=CC=CC=C3C(=C2)C(=O)O,1,DILIrank,O=C(O)c1cc(-c2ccccc2)nc2ccccc12,c1ccc(-c2ccc3ccccc3n2)cc1
C1CN(CCN1CC2=CC3=C(C=C2)OCO3)C(=O)COC4=CC=C(C=C4)Cl,1,DILIrank,O=C(COc1ccc(Cl)cc1)N1CCN(Cc2ccc3c(c2)OCO3)CC1,O=C(COc1ccccc1)N1CCN(Cc2ccc3c(c2)OCO3)CC1
C1=CC(=CC=C1N)S(=O)(=O)NC2=NC=CS2,1,DILIrank,Nc1ccc(S(=O)(=O)Nc2nccs2)cc1,O=S(=O)(Nc1nccs1)c1ccccc1
C1=CC(=CC=C1N)S(=O)(=O)NC(=O)N,1,DILIrank,NC(=O)NS(=O)(=O)c1ccc(N)cc1,c1ccccc1
CC(=O)N1C2=CC=CC=C2C(C1=O)(C3=CC=C(C=C3)OC(=O)C)C4=CC=C(C=C4)OC(=O)C,1,DILIrank,CC(=O)Oc1ccc(C2(c3ccc(OC(C)=O)cc3)C(=O)N(C(C)=O)c3ccccc32)cc1,O=C1Nc2ccccc2C1(c1ccccc1)c1ccccc1
CCOC(C(=O)C1=CC=C(C=C1)C2=CC=CC=C2)NC3=CC=C(C=C3)C(=O)O,1,DILIrank,CCOC(Nc1ccc(C(=O)O)cc1)C(=O)c1ccc(-c2ccccc2)cc1,O=C(CNc1ccccc1)c1ccc(-c2ccccc2)cc1
CC1=CC(=C(C=C1)NC2=C(C=CC=C2Cl)F)CC(=O)O,1,DILIrank,Cc1ccc(Nc2c(F)cccc2Cl)c(CC(=O)O)c1,c1ccc(Nc2ccccc2)cc1
CCOC(=O)CN[C@H](C1CCCCC1)C(=O)N2CC[C@H]2C(=O)NCC3=CC=C(C=C3)/C(=N/O)/N,1,DILIrank,CCOC(=O)CN[C@@H](C(=O)N1CC[C@H]1C(=O)NCc1ccc(/C(N)=N/O)cc1)C1CCCCC1,O=C(NCc1ccccc1)C1CCN1C(=O)CC1CCCCC1
CN(CC(=O)O)C(=S)C1=CC=CC2=C1C=CC(=C2C(F)(F)F)OC,1,DILIrank,COc1ccc2c(C(=S)N(C)CC(=O)O)cccc2c1C(F)(F)F,c1ccc2ccccc2c1
CC1=CC(=C(C=C1OC(=O)C)C(C)C)OCCN(C)C,1,DILIrank,CC(=O)Oc1cc(C(C)C)c(OCCN(C)C)cc1C,c1ccccc1
CC(=O)OC1=CC=C(C=C1)C2(C3=CC=CC=C3NC2=O)C4=CC=C(C=C4)OC(=O)C,1,DILIrank,CC(=O)Oc1ccc(C2(c3ccc(OC(C)=O)cc3)C(=O)Nc3ccccc32)cc1,O=C1Nc2ccccc2C1(c1ccccc1)c1ccccc1
CN(C)CCCC1C2=CC=CC=C2NC3=C1C=C(C=C3)Cl,1,DILIrank,CN(C)CCCC1c2ccccc2Nc2ccc(Cl)cc21,c1ccc2c(c1)Cc1ccccc1N2
CC(C)NC1=NC=CC=N1,1,DILIrank,CC(C)Nc1ncccn1,c1cncnc1
C1CN(CCC1C(=O)N)CCCN2C3=CC=CC=C3SC4=C2C=C(C=C4)Cl,1,DILIrank,NC(=O)C1CCN(CCCN2c3ccccc3Sc3ccc(Cl)cc32)CC1,c1ccc2c(c1)Sc1ccccc1N2CCCN1CCCCC1
CC(COC1=CC=CC=C1)NN,1,DILIrank,CC(COc1ccccc1)NN,c1ccccc1
CC1=CC(=C(C2=C1C=CC=N2)O)Br,1,DILIrank,Cc1cc(Br)c(O)c2ncccc12,c1ccc2ncccc2c1
C1=CC=C(C=C1)CN2C3=CC=CC=C3C(=N2)OCC(=O)O,1,DILIrank,O=C(O)COc1nn(Cc2ccccc2)c2ccccc12,c1ccc(Cn2ncc3ccccc32)cc1
CCC1=C(C2=CC=CC=C2O1)C(=O)C3=CC=C(C=C3)O,1,DILIrank,CCc1oc2ccccc2c1C(=O)c1ccc(O)cc1,O=C(c1ccccc1)c1coc2ccccc12
CCC1=C(C2=CC=CC=C2O1)C(=O)C3=CC(=C(C(=C3)I)O)I,1,DILIrank,CCc1oc2ccccc2c1C(=O)c1cc(I)c(O)c(I)c1,O=C(c1ccccc1)c1coc2ccccc12
CC1=C(C2=C(N1CC(=O)O)C=C(C=C2)OC)C(=O)C3=CC=C(C=C3)Cl,1,DILIrank,COc1ccc2c(C(=O)c3ccc(Cl)cc3)c(C)n(CC(=O)O)c2c1,O=C(c1ccccc1)c1c[nH]c2ccccc12
CC(=O)OC1=CC=C(C=C1)C(=C2CCCCC2)C3=CC=C(C=C3)OC(=O)C,1,DILIrank,CC(=O)Oc1ccc(C(=C2CCCCC2)c2ccc(OC(C)=O)cc2)cc1,c1ccc(C(=C2CCCCC2)c2ccccc2)cc1
C1=CC(=C(C(=C1C(=O)C2=CC(=C(C(=C2)O)O)O)O)O)O,1,DILIrank,O=C(c1cc(O)c(O)c(O)c1)c1ccc(O)c(O)c1O,O=C(c1ccccc1)c1ccccc1
CCCCCCCCNC(C)C(C1=CC=C(C=C1)SC(C)C)O,1,DILIrank,CCCCCCCCNC(C)C(O)c1ccc(SC(C)C)cc1,c1ccccc1
CN(C)CC=C(C1=CC=C(C=C1)Br)C2=CN=CC=C2,1,DILIrank,CN(C)CC=C(c1ccc(Br)cc1)c1cccnc1,C=C(c1ccccc1)c1cccnc1
CC(C1=CC=CC=C1)NN,1,DILIrank,CC(NN)c1ccccc1,c1ccccc1
C1=CC=C(C=C1)CNC(=O)CCNNC(=O)C2=CC=NC=C2,1,DILIrank,O=C(CCNNC(=O)c1ccncc1)NCc1ccccc1,O=C(CCNNC(=O)c1ccncc1)NCc1ccccc1
CN(C)CC1=CC=C(O1)CSCCN/C(=C\[N+](=O)[O-])/NCC2=CC3=C(C=C2)OCO3,1,DILIrank,CN(C)Cc1ccc(CSCCN/C(=C\[N+](=O)[O-])NCc2ccc3c(c2)OCO3)o1,C=C(NCCSCc1ccco1)NCc1ccc2c(c1)OCO2
CN1CCCC(C1)CN2C3=CC=CC=C3SC4=CC=CC=C42,1,DILIrank,CN1CCCC(CN2c3ccccc3Sc3ccccc32)C1,c1ccc2c(c1)Sc1ccccc1N2CC1CCCNC1
C1=CC(=CC=C1C2=NC(=CS2)CC(=O)O)Cl,1,DILIrank,O=C(O)Cc1csc(-c2ccc(Cl)cc2)n1,c1ccc(-c2nccs2)cc1
CC1=NC(=CN1C2=CC=C(C=C2)[N+](=O)[O-])[N+](=O)[O-],1,DILIrank,Cc1nc([N+](=O)[O-])cn1-c1ccc([N+](=O)[O-])cc1,c1ccc(-n2ccnc2)cc1
CC1=CC2=C(C=C1CC(=O)C3=C(C=CS3)S(=O)(=O)NC4=C(C(=NO4)C)Cl)OCO2,1,DILIrank,Cc1cc2c(cc1CC(=O)c1sccc1S(=O)(=O)Nc1onc(C)c1Cl)OCO2,O=C(Cc1ccc2c(c1)OCO2)c1sccc1S(=O)(=O)Nc1ccno1
CC(C(=O)OC(C)(C)CC1=CC=C(C=C1)Cl)N,1,DILIrank,CC(N)C(=O)OC(C)(C)Cc1ccc(Cl)cc1,c1ccccc1
C=CCOC1=C(C=C(C=C1)CC(=O)O)Cl,1,DILIrank,C=CCOc1ccc(CC(=O)O)cc1Cl,c1ccccc1
C1=C(C(=O)NC(=O)N1[C@H]2[C@H]([C@@H]([C@H](O2)CO)O)F)I,1,DILIrank,O=c1[nH]c(=O)n([C@@H]2O[C@H](CO)[C@@H](O)[C@@H]2F)cc1I,O=c1ccn(C2CCCO2)c(=O)[nH]1
CC1=C2CCC(=O)N(C2=NC(=N1)C)CC3=CC=C(C=C3)C4=CC=CC=C4C5=NNN=N5,1,DILIrank,Cc1nc(C)c2c(n1)N(Cc1ccc(-c3ccccc3-c3nn[nH]n3)cc1)C(=O)CC2,O=C1CCc2cncnc2N1Cc1ccc(-c2ccccc2-c2nn[nH]n2)cc1
CC(=O)N[C@@H]1[C@H]([C@H]([C@H](O[C@H]1O)CO)OS(=O)(=O)[O-])O[C@H]2[C@@H]([C@H]([C@@H]([C@@H](O2)C(=O)[O-])O)O)O,1,DILIrank,CC(=O)N[C@@H]1[C@@H](O[C@@H]2O[C@@H](C(=O)[O-])[C@@H](O)[C@H](O)[C@H]2O)[C@@H](OS(=O)(=O)[O-])[C@@H](CO)O[C@H]1O,C1CCC(OC2CCOCC2)OC1
CCO[C@H]1[C@H](CC(=O)O1)NC(=O)[C@@H]2CCCN3N2C(=O)[C@H](CCC3=O)NC(=O)C4=NC=CC5=CC=CC=C54,1,DILIrank,CCO[C@@H]1OC(=O)C[C@@H]1NC(=O)[C@@H]1CCCN2C(=O)CC[C@H](NC(=O)c3nccc4ccccc34)C(=O)N12,O=C1CC(NC(=O)C2CCCN3C(=O)CCC(NC(=O)c4nccc5ccccc45)C(=O)N23)CO1
CN1CCC(CC1)NC2=NC=C3C(=N2)C(=NC=N3)NC4=CC(=C(C=C4)F)Cl,1,DILIrank,CN1CCC(Nc2ncc3ncnc(Nc4ccc(F)c(Cl)c4)c3n2)CC1,c1ccc(Nc2ncnc3cnc(NC4CCNCC4)nc23)cc1
CCCCN1C(=O)[C@H](NC(=O)C12CCN(CC2)CC3=CC=C(C=C3)OC4=CC=C(C=C4)C(=O)O)[C@@H](C5CCCCC5)O,1,DILIrank,CCCCN1C(=O)[C@@H]([C@H](O)C2CCCCC2)NC(=O)C12CCN(Cc1ccc(Oc3ccc(C(=O)O)cc3)cc1)CC2,O=C1NC2(CCN(Cc3ccc(Oc4ccccc4)cc3)CC2)C(=O)NC1CC1CCCCC1
CO/N=C(\N)/C1=CC=C(C=C1)C2=CC=C(O2)C3=CC=C(C=C3)/C(=N/OC)/N,1,DILIrank,CO/N=C(\N)c1ccc(-c2ccc(-c3ccc(/C(N)=N/OC)cc3)o2)cc1,c1ccc(-c2ccc(-c3ccccc3)o2)cc1
COC1=CC=CC2=C1[C@@H]3CN(C[C@@H]3CO2)CCCCN4C(=O)C5=C(C6=NC(=CN=C6S5)C7=CC=CC=C7)NC4=O,1,DILIrank,COc1cccc2c1[C@@H]1CN(CCCCn3c(=O)[nH]c4c(sc5ncc(-c6ccccc6)nc54)c3=O)C[C@@H]1CO2,O=c1[nH]c2c(sc3ncc(-c4ccccc4)nc32)c(=O)n1CCCCN1CC2COc3ccccc3C2C1
CC1=C(C=C(C=C1)N2C(=O)C(=C(N2)C)N/N=C/3\C=CC=C(C3=O)C4=CC(=CC=C4)C(=O)O)C.C(CO)N.C(CO)N,1,DILIrank,Cc1ccc(-n2[nH]c(C)c(N/N=C3\C=CC=C(c4cccc(C(=O)O)c4)C3=O)c2=O)cc1C.NCCO.NCCO,O=C1C(c2ccccc2)=CC=CC1=NNc1c[nH]n(-c2ccccc2)c1=O
CCCC(CCC)C(=O)O.CCCC(CCC)C(=O)[O-].[Na+],1,DILIrank,CCCC(CCC)C(=O)O.CCCC(CCC)C(=O)[O-].[Na+],ACYCLIC::CCCC(CCC)C(=O)O.CCCC(CCC)C(=O)[O-].[Na+]
CC1=NN=C(N1C2C[C@H]3CC[C@@H](C2)N3CC[C@@H](C4=CC=CC=C4)NC(=O)C5CCC(CC5)(F)F)C(C)C,1,DILIrank,Cc1nnc(C(C)C)n1C1C[C@H]2CC[C@@H](C1)N2CC[C@H](NC(=O)C1CCC(F)(F)CC1)c1ccccc1,O=C(NC(CCN1C2CCC1CC(n1cnnc1)C2)c1ccccc1)C1CCCCC1
CC(COC1=CC=CC=C1)N(CCCl)CC2=CC=CC=C2,0,DILIrank,CC(COc1ccccc1)N(CCCl)Cc1ccccc1,c1ccc(CNCCOc2ccccc2)cc1
CCN(CC)CC#CCOC(=O)C(C1CCCCC1)(C2=CC=CC=C2)O,0,DILIrank,CCN(CC)CC#CCOC(=O)C(O)(c1ccccc1)C1CCCCC1,c1ccc(CC2CCCCC2)cc1
CN(C)CCOC(C1=CC=CC=C1)C2=CC=CC=C2,0,DILIrank,CN(C)CCOC(c1ccccc1)c1ccccc1,c1ccc(Cc2ccccc2)cc1
CC1=CC=CC=C1C(C2=CC=CC=C2)OCCN(C)C,0,DILIrank,Cc1ccccc1C(OCCN(C)C)c1ccccc1,c1ccc(Cc2ccccc2)cc1
C[C@@](C1=CC=CC=C1)(C2=CC=C(C=C2)Cl)OCC[C@H]3CCCN3C,0,DILIrank,CN1CCC[C@@H]1CCO[C@](C)(c1ccccc1)c1ccc(Cl)cc1,c1ccc(C(OCCC2CCCN2)c2ccccc2)cc1
CN1C2=C(C(=O)N(C1=O)C)NC=N2,0,DILIrank,Cn1c(=O)c2[nH]cnc2n(C)c1=O,O=c1[nH]c(=O)c2[nH]cnc2[nH]1
C[C@@H]1[C@H]([C@H](C[C@@H](O1)O[C@@H]2[C@H](O[C@H](C[C@@H]2O)O[C@@H]3[C@H](O[C@H](C[C@@H]3O)O[C@H]4CC[C@]5([C@@H](C4)CC[C@@H]6[C@@H]5C[C@H]([C@]7([C@@]6(CCC7C8=CC(=O)OC8)O)C)O)C)C)C)O)O,0,DILIrank,C[C@H]1O[C@@H](O[C@H]2[C@@H](O)C[C@H](O[C@H]3[C@@H](O)C[C@H](O[C@H]4CC[C@@]5(C)[C@H](CC[C@@H]6[C@@H]5C[C@@H](O)[C@]5(C)C(C7=CC(=O)OC7)CC[C@]65O)C4)O[C@@H]3C)O[C@@H]2C)C[C@H](O)[C@@H]1O,O=C1C=C(C2CCC3C2CCC2C4CCC(OC5CCC(OC6CCC(OC7CCCCO7)CO6)CO5)CC4CCC23)CO1
C1=CC(=C(C=C1OC2=C(C=C(C=C2I)C[C@@H](C(=O)O)N)I)I)O,0,DILIrank,N[C@@H](Cc1cc(I)c(Oc2ccc(O)c(I)c2)c(I)c1)C(=O)O,c1ccc(Oc2ccccc2)cc1
CN1C=NC2=C1C(=O)N(C(=O)N2C)C,0,DILIrank,Cn1c(=O)c2c(ncn2C)n(C)c1=O,O=c1[nH]c(=O)c2[nH]cnc2[nH]1
C[N+]1=CC=CC(=C1)OC(=O)N(C)C,0,DILIrank,CN(C)C(=O)Oc1ccc[n+](C)c1,c1cc[nH+]cc1
CC(=O)N[C@@H](CS)C(=O)O,0,DILIrank,CC(=O)N[C@@H](CS)C(=O)O,ACYCLIC::CC(=O)N[C@@H](CS)C(=O)O
C(CCC(=O)O)CCN,0,DILIrank,NCCCCCC(=O)O,ACYCLIC::NCCCCCC(=O)O
C([C@@H](C1C(=C(C(=O)O1)O)O)O)O,0,DILIrank,O=C1OC([C@@H](O)CO)C(O)=C1O,O=C1C=CCO1
C1C(N(C2=C(N1)NC(=NC2=O)N)C=O)CNC3=CC=C(C=C3)C(=O)N[C@H](CCC(=O)O)C(=O)O,0,DILIrank,Nc1nc(=O)c2c([nH]1)NCC(CNc1ccc(C(=O)N[C@H](CCC(=O)O)C(=O)O)cc1)N2C=O,O=c1nc[nH]c2c1NC(CNc1ccccc1)CN2
C1CCN(CC1)CCOC2=CC=C(C=C2)C(=O)C3=C(SC4=C3C=CC(=C4)O)C5=CC=C(C=C5)O,0,DILIrank,O=C(c1ccc(OCCN2CCCCC2)cc1)c1c(-c2ccc(O)cc2)sc2cc(O)ccc12,O=C(c1ccc(OCCN2CCCCC2)cc1)c1c(-c2ccccc2)sc2ccccc12
C[C@H](/C=C/[C@H](C)C(C)C)[C@H]1CC[C@@H]\2[C@@]1(CCC/C2=C\C=C/3\C[C@H](CCC3=C)O)C,0,DILIrank,C=C1CC[C@H](O)C/C1=C/C=C1\CCC[C@]2(C)[C@@H]([C@H](C)/C=C/[C@H](C)C(C)C)CC[C@@H]12,C=C1CCCCC1=CC=C1CCCC2CCCC12
C1[C@H]([C@@H]2[C@H](O1)[C@H](CO2)O[N+](=O)[O-])O[N+](=O)[O-],0,DILIrank,O=[N+]([O-])O[C@H]1CO[C@H]2[C@@H]1OC[C@H]2O[N+](=O)[O-],C1CC2OCCC2O1
CCOC(=O)C1(CCN(CC1)CCC(C#N)(C2=CC=CC=C2)C3=CC=CC=C3)C4=CC=CC=C4,0,DILIrank,CCOC(=O)C1(c2ccccc2)CCN(CCC(C#N)(c2ccccc2)c2ccccc2)CC1,c1ccc(C2CCN(CCC(c3ccccc3)c3ccccc3)CC2)cc1
C1CN(CCC1N2C3=CC=CC=C3NC2=O)CCCC(C4=CC=C(C=C4)F)C5=CC=C(C=C5)F,0,DILIrank,O=c1[nH]c2ccccc2n1C1CCN(CCCC(c2ccc(F)cc2)c2ccc(F)cc2)CC1,O=c1[nH]c2ccccc2n1C1CCN(CCCC(c2ccccc2)c2ccccc2)CC1
CN1CC[C@@]23CCCC[C@@H]2[C@@H]1CC4=C3C=C(C=C4)OC,0,DILIrank,COc1ccc2c(c1)[C@]13CCCC[C@@H]1[C@H](C2)N(C)CC3,c1ccc2c(c1)CC1NCCC23CCCCC13
CN(C)C(=O)C(CCN1CCC(CC1)(C2=CC=C(C=C2)Cl)O)(C3=CC=CC=C3)C4=CC=CC=C4,0,DILIrank,CN(C)C(=O)C(CCN1CCC(O)(c2ccc(Cl)cc2)CC1)(c1ccccc1)c1ccccc1,c1ccc(C2CCN(CCC(c3ccccc3)c3ccccc3)CC2)cc1
CC(COC1=CC=CC=C1)NC(C)C(C2=CC=C(C=C2)O)O,0,DILIrank,CC(COc1ccccc1)NC(C)C(O)c1ccc(O)cc1,c1ccc(CCNCCOc2ccccc2)cc1
C[C@@H]([C@H](C1=CC=CC=C1)O)NC,0,DILIrank,CN[C@@H](C)[C@@H](O)c1ccccc1,c1ccccc1
CC(C)NCC(C1=CC(=C(C=C1)O)O)O,0,DILIrank,CC(C)NCC(O)c1ccc(O)c(O)c1,c1ccccc1
CCC1(C(=O)NCNC1=O)C2=CC=CC=C2,0,DILIrank,CCC1(c2ccccc2)C(=O)NCNC1=O,O=C1NCNC(=O)C1c1ccccc1
C[C@]12CCC(=O)C=C1CC[C@@H]3[C@@]2([C@H](C[C@]4([C@H]3CC[C@@]4(C(=O)CO)O)C)O)F,0,DILIrank,C[C@]12CCC(=O)C=C1CC[C@H]1[C@@H]3CC[C@](O)(C(=O)CO)[C@@]3(C)C[C@H](O)[C@@]12F,O=C1C=C2CCC3C4CCCC4CCC3C2CC1
CC(C)(C1=CC=C(C=C1)C(CCCN2CCC(CC2)C(C3=CC=CC=C3)(C4=CC=CC=C4)O)O)C(=O)O,0,DILIrank,CC(C)(C(=O)O)c1ccc(C(O)CCCN2CCC(C(O)(c3ccccc3)c3ccccc3)CC2)cc1,c1ccc(CCCCN2CCC(C(c3ccccc3)c3ccccc3)CC2)cc1
C1[C@H]([C@@H]([C@H]([C@@H]([C@H]1N)O[C@@H]2[C@@H]([C@H]([C@@H]([C@H](O2)CN)O)O)O)O)O[C@@H]3[C@@H]([C@H]([C@@H]([C@H](O3)CO)O)N)O)N,0,DILIrank,NC[C@H]1O[C@H](O[C@H]2[C@H](O)[C@@H](O[C@H]3O[C@H](CO)[C@@H](O)[C@H](N)[C@H]3O)[C@H](N)C[C@@H]2N)[C@H](O)[C@@H](O)[C@@H]1O,C1CCC(OC2CCCC(OC3CCCCO3)C2)OC1
C1=CC(=CC=C1C(=O)N[C@@H](CCC(=O)O)C(=O)O)NCC2=CN=C3C(=N2)C(=O)N=C(N3)N,0,DILIrank,Nc1nc(=O)c2nc(CNc3ccc(C(=O)N[C@@H](CCC(=O)O)C(=O)O)cc3)cnc2[nH]1,O=c1nc[nH]c2ncc(CNc3ccccc3)nc12
CC1=C(SC=[N+]1CC2=CN=C(N=C2N)C)CCO,0,DILIrank,Cc1ncc(C[n+]2csc(CCO)c2C)c(N)n1,c1ncc(C[n+]2ccsc2)cn1
C([C@H]([C@@H]([C@H]([C@H](CO)O)O)O)O)O,0,DILIrank,OC[C@@H](O)[C@H](O)[C@@H](O)[C@@H](O)CO,ACYCLIC::OC[C@@H](O)[C@H](O)[C@@H](O)[C@@H](O)CO
C1[C@H]([C@@H]([C@H]([C@@H]([C@H]1N)O[C@@H]2[C@@H]([C@H]([C@@H]([C@H](O2)CO)O)O)N)O[C@H]3[C@@H]([C@@H]([C@H](O3)CO)O[C@@H]4[C@@H]([C@H]([C@@H]([C@@H](O4)CN)O)O)N)O)O)N,0,DILIrank,NC[C@@H]1O[C@H](O[C@H]2[C@@H](O)[C@H](O[C@@H]3[C@@H](O)[C@H](N)C[C@H](N)[C@H]3O[C@H]3O[C@H](CO)[C@@H](O)[C@H](O)[C@H]3N)O[C@@H]2CO)[C@H](N)[C@@H](O)[C@@H]1O,C1CCC(OC2COC(OC3CCCCC3OC3CCCCO3)C2)OC1
[NH4+].[Cl-],0,DILIrank,[Cl-].[NH4+],ACYCLIC::[Cl-].[NH4+]
CC[C@@H](CO)NC(=O)[C@H]1CN([C@@H]2CC3=CN(C4=CC=CC(=C34)C2=C1)C)C,0,DILIrank,CC[C@@H](CO)NC(=O)[C@@H]1C=C2c3cccc4c3c(cn4C)C[C@H]2N(C)C1,C1=C2c3cccc4[nH]cc(c34)CC2NCC1
CC[C@@H](CO)NC(=O)[C@H]1CN([C@@H]2CC3=CNC4=CC=CC(=C34)C2=C1)C,0,DILIrank,CC[C@@H](CO)NC(=O)[C@@H]1C=C2c3cccc4[nH]cc(c34)C[C@H]2N(C)C1,C1=C2c3cccc4[nH]cc(c34)CC2NCC1
C[N+](C)(C)CC(=O)[O-],0,DILIrank,C[N+](C)(C)CC(=O)[O-],ACYCLIC::C[N+](C)(C)CC(=O)[O-]
CC1=NC=C(C(=C1O)CO)CO,0,DILIrank,Cc1ncc(CO)c(CO)c1O,c1ccncc1
CCC[C@H]1O[C@@H]2C[C@H]3[C@@H]4CCC5=CC(=O)C=C[C@@]5([C@H]4[C@H](C[C@@]3([C@@]2(O1)C(=O)CO)C)O)C,0,DILIrank,CCC[C@H]1O[C@@H]2C[C@H]3[C@@H]4CCC5=CC(=O)C=C[C@]5(C)[C@H]4[C@@H](O)C[C@]3(C)[C@]2(C(=O)CO)O1,O=C1C=CC2C(=C1)CCC1C2CCC2C1CC1OCOC12
CN1[C@@H]2CC[C@H]1CC(C2)OC(=O)C(CO)C3=CC=CC=C3,0,DILIrank,CN1[C@@H]2CC[C@H]1CC(OC(=O)C(CO)c1ccccc1)C2,O=C(Cc1ccccc1)OC1CC2CCC(C1)N2
CC(C)NCC(COC1=CC=CC2=C1C=CN2)O,0,DILIrank,CC(C)NCC(O)COc1cccc2[nH]ccc12,c1ccc2[nH]ccc2c1
CN(C)CCC(C1=CC=C(C=C1)Br)C2=CC=CC=N2,0,DILIrank,CN(C)CCC(c1ccc(Br)cc1)c1ccccn1,c1ccc(Cc2ccccn2)cc1
CC(CCCN)NC1=C2C(=CC(=C1)OC)C=CC=N2,0,DILIrank,COc1cc(NC(C)CCCN)c2ncccc2c1,c1ccc2ncccc2c1
CCOC(=O)C1(CCN(CC1)C)C2=CC=CC=C2,0,DILIrank,CCOC(=O)C1(c2ccccc2)CCN(C)CC1,c1ccc(C2CCNCC2)cc1
C[C@@H](CC1=CC=CC=C1)NC,0,DILIrank,CN[C@@H](C)Cc1ccccc1,c1ccccc1
CC1(C2CCC(C2)C1(C)NC)C,0,DILIrank,CNC1(C)C2CCC(C2)C1(C)C,C1CC2CCC1C2
CC1=CC(=CC=C1)CN2CCN(CC2)C(C3=CC=CC=C3)C4=CC=C(C=C4)Cl,0,DILIrank,Cc1cccc(CN2CCN(C(c3ccccc3)c3ccc(Cl)cc3)CC2)c1,c1ccc(CN2CCN(C(c3ccccc3)c3ccccc3)CC2)cc1
CN1CC[C@]23[C@@H]4C(=O)CC[C@]2([C@H]1CC5=C3C(=C(C=C5)O)O4)O,0,DILIrank,CN1CC[C@]23c4c5ccc(O)c4O[C@H]2C(=O)CC[C@@]3(O)[C@H]1C5,O=C1CCC2C3Cc4cccc5c4C2(CCN3)C1O5
CC1C(OCCN1C)C2=CC=CC=C2,0,DILIrank,CC1C(c2ccccc2)OCCN1C,c1ccc(C2CNCCO2)cc1
C[C@](CC1=CC=C(C=C1)O)(C(=O)O)N,0,DILIrank,C[C@](N)(Cc1ccc(O)cc1)C(=O)O,c1ccccc1
CN1CC[C@]23[C@@H]4[C@H]1CC5=C2C(=C(C=C5)O)O[C@H]3[C@H](C=C4)O,0,DILIrank,CN1CC[C@]23c4c5ccc(O)c4O[C@H]2[C@@H](O)C=C[C@H]3[C@H]1C5,C1=CC2C3Cc4cccc5c4C2(CCN3)C(C1)O5
CN(CCC1=CC=C(C=C1)NS(=O)(=O)C)CCOC2=CC=C(C=C2)NS(=O)(=O)C,0,DILIrank,CN(CCOc1ccc(NS(C)(=O)=O)cc1)CCc1ccc(NS(C)(=O)=O)cc1,c1ccc(CCNCCOc2ccccc2)cc1
COC1=CC=CC=C1OCC(CO)O,0,DILIrank,COc1ccccc1OCC(O)CO,c1ccccc1
C1CN(CCN1CCOCCO)C(C2=CC=CC=C2)C3=CC=C(C=C3)Cl,0,DILIrank,OCCOCCN1CCN(C(c2ccccc2)c2ccc(Cl)cc2)CC1,c1ccc(C(c2ccccc2)N2CCNCC2)cc1
COC1=CC(=C(C=C1)OC)C(CNC(=O)CN)O,0,DILIrank,COc1ccc(OC)c(C(O)CNC(=O)CN)c1,c1ccccc1
CN(C)CC[C@@H](C1=CC=C(C=C1)Br)C2=CC=CC=N2,0,DILIrank,CN(C)CC[C@@H](c1ccc(Br)cc1)c1ccccn1,c1ccc(Cc2ccccn2)cc1
CC1=CC2=C(C=C1C)N(C=N2)[C@@H]3C(C([C@@H](O3)CO)OP(=O)(O)OC(C)CNC(=O)CC[C@@]\4([C@H](C5[C@]6([C@@]([C@@H](C(=N6)/C(=C\7/[C@@]([C@@H](C(=N7)/C=C\8/C([C@@H](C(=N8)/C(=C4\[N-]5)/C)CCC(=O)N)(C)C)CCC(=O)N)(C)CC(=O)N)/C)CCC(=O)N)(C)CC(=O)N)C)CC(=O)N)C)O.[C-]#N.[Co+3],0,DILIrank,C/C1=C2/[N-]C([C@H](CC(N)=O)[C@@]2(C)CCC(=O)NCC(C)OP(=O)(O)OC2C(O)[C@@H](n3cnc4cc(C)c(C)cc43)O[C@H]2CO)[C@]2(C)N=C(/C(C)=C3N=C(/C=C4N=C1[C@@H](CCC(N)=O)C\4(C)C)[C@@H](CCC(N)=O)[C@]\3(C)CC(N)=O)[C@@H](CCC(N)=O)[C@]2(C)CC(N)=O.[C-]#N.[Co+3],O=C(CCC1CC2[N-]C1=CC1=NC(=CC3=NC(=CC4=NC2CC4)CC3)CC1)NCCO[PH](=O)OC1COC(n2cnc3ccccc32)C1
CC1=C(C(=O)C2=CC=CC=C2C1=O)CC=C(C)CCCC(C)CCCC(C)CCCC(C)C,0,DILIrank,CC(=CCC1=C(C)C(=O)c2ccccc2C1=O)CCCC(C)CCCC(C)CCCC(C)C,O=C1C=CC(=O)c2ccccc21
C1CN(C[C@@H]1C(C2=CC=CC=C2)(C3=CC=CC=C3)C(=O)N)CCC4=CC5=C(C=C4)OCC5,0,DILIrank,NC(=O)C(c1ccccc1)(c1ccccc1)[C@@H]1CCN(CCc2ccc3c(c2)CCO3)C1,c1ccc(C(c2ccccc2)C2CCN(CCc3ccc4c(c3)CCO4)C2)cc1
C1=CC=C(C=C1)NC(=O)CCCCCCC(=O)NO,0,DILIrank,O=C(CCCCCCC(=O)Nc1ccccc1)NO,c1ccccc1
CC1=NC=C2N1C3=C(C=C(C=C3)Cl)C(=NC2)C4=CC=CC=C4F,0,DILIrank,Cc1ncc2n1-c1ccc(Cl)cc1C(c1ccccc1F)=NC2,c1ccc(C2=NCc3cncn3-c3ccccc32)cc1
C[C@@]1(C(=O)N2[C@H](C(=O)N3CCC[C@H]3[C@@]2(O1)O)CC4=CC=CC=C4)NC(=O)[C@@H]5C[C@H]6[C@@H](CC7=CNC8=CC=CC6=C78)N(C5)C,0,DILIrank,CN1C[C@H](C(=O)N[C@]2(C)O[C@@]3(O)[C@@H]4CCCN4C(=O)[C@H](Cc4ccccc4)N3C2=O)C[C@@H]2c3cccc4[nH]cc(c34)C[C@H]21,O=C(NC1OC2C3CCCN3C(=O)C(Cc3ccccc3)N2C1=O)C1CNC2Cc3c[nH]c4cccc(c34)C2C1
C1=C(C=C(C(=C1S(=O)(=O)N)Cl)Cl)S(=O)(=O)N,0,DILIrank,NS(=O)(=O)c1cc(Cl)c(Cl)c(S(N)(=O)=O)c1,c1ccccc1
C1CC(CCC1CN)C(=O)O,0,DILIrank,NCC1CCC(C(=O)O)CC1,C1CCCCC1
C[N+](C)(C)C[C@@H](CC(=O)[O-])O,0,DILIrank,C[N+](C)(C)C[C@H](O)CC(=O)[O-],ACYCLIC::C[N+](C)(C)C[C@H](O)CC(=O)[O-]
C(CNCCNCCN)N.Cl.Cl,0,DILIrank,Cl.Cl.NCCNCCNCCN,ACYCLIC::Cl.Cl.NCCNCCNCCN
CC1=CC=C(C=C1)N(CC2=NCCN2)C3=CC(=CC=C3)O,0,DILIrank,Cc1ccc(N(CC2=NCCN2)c2cccc(O)c2)cc1,c1ccc(N(CC2=NCCN2)c2ccccc2)cc1
C1CCCN(CCC1)CCN=C(N)N,0,DILIrank,NC(N)=NCCN1CCCCCCC1,C1CCCNCCC1
C[C@@H](CC1=CC=CC=C1)N,0,DILIrank,C[C@H](N)Cc1ccccc1,c1ccccc1
C1=CC(=CC=C1C(C(CO)NC(=O)C(Cl)Cl)O)[N+](=O)[O-],0,DILIrank,O=C(NC(CO)C(O)c1ccc([N+](=O)[O-])cc1)C(Cl)Cl,c1ccccc1
CC(C)NCC(C1=CC(=CC(=C1)O)O)O,0,DILIrank,CC(C)NCC(O)c1cc(O)cc(O)c1,c1ccccc1
CN(C)CCC(C1=CC=C(C=C1)Cl)C2=CC=CC=N2,0,DILIrank,CN(C)CCC(c1ccc(Cl)cc1)c1ccccn1,c1ccc(Cc2ccccn2)cc1
C(C(CS)S)O,0,DILIrank,OCC(S)CS,ACYCLIC::OCC(S)CS
C[C@]12CCC(=O)C=C1CC[C@@H]3[C@@H]2[C@H](C[C@]4([C@H]3CC[C@@]4(C(=O)CO)O)C)O,0,DILIrank,C[C@]12CCC(=O)C=C1CC[C@@H]1[C@@H]2[C@@H](O)C[C@@]2(C)[C@H]1CC[C@]2(O)C(=O)CO,O=C1C=C2CCC3C4CCCC4CCC3C2CC1
C1CCN(CC1)C2=NC(=N)N(C(=C2)N)O,0,DILIrank,N=c1nc(N2CCCCC2)cc(N)n1O,N=c1nc(N2CCCCC2)cc[nH]1
CC(O)(P(=O)(O)O)P(=O)(O)O,0,DILIrank,CC(O)(P(=O)(O)O)P(=O)(O)O,ACYCLIC::CC(O)(P(=O)(O)O)P(=O)(O)O
C[C@H](CC1=CC=CC=C1)N(C)CC#C,0,DILIrank,C#CCN(C)[C@H](C)Cc1ccccc1,c1ccccc1
COC1=C(C=C2C(=C1)C(=NC(=N2)N3CCN(CC3)C(=O)C4CCCO4)N)OC,0,DILIrank,COc1cc2nc(N3CCN(C(=O)C4CCCO4)CC3)nc(N)c2cc1OC,O=C(C1CCCO1)N1CCN(c2ncc3ccccc3n2)CC1
CN(C)CCC1=CNC2=C1C=C(C=C2)CN3C=NC=N3,0,DILIrank,CN(C)CCc1c[nH]c2ccc(Cn3cncn3)cc12,c1ncn(Cc2ccc3[nH]ccc3c2)n1
CC1([C@@H](N2[C@H](S1)[C@@H](C2=O)NC(=O)COC3=CC=CC=C3)C(=O)O)C,0,DILIrank,CC1(C)S[C@@H]2[C@H](NC(=O)COc3ccccc3)C(=O)N2[C@H]1C(=O)O,O=C(COc1ccccc1)NC1C(=O)N2CCSC12
CC#C[C@@]1(CC[C@@H]2[C@@]1(C[C@@H](C3=C4CCC(=O)C=C4CC[C@@H]23)C5=CC=C(C=C5)N(C)C)C)O,0,DILIrank,CC#C[C@]1(O)CC[C@H]2[C@@H]3CCC4=CC(=O)CCC4=C3[C@@H](c3ccc(N(C)C)cc3)C[C@@]21C,O=C1C=C2CCC3C(=C2CC1)C(c1ccccc1)CC1CCCC13
CCC(C1=CC(=CC=C1)O)C(C)CN(C)C,0,DILIrank,CCC(c1cccc(O)c1)C(C)CN(C)C,c1ccccc1
CC(CC1=CC=CC=C1)N(C)CC2=CC=CC=C2,0,DILIrank,CC(Cc1ccccc1)N(C)Cc1ccccc1,c1ccc(CCNCc2ccccc2)cc1
CC1=C(OC2=C(C1=O)C=CC=C2C(=O)OCCN3CCCCC3)C4=CC=CC=C4,0,DILIrank,Cc1c(-c2ccccc2)oc2c(C(=O)OCCN3CCCCC3)cccc2c1=O,O=C(OCCN1CCCCC1)c1cccc2c(=O)cc(-c3ccccc3)oc12
C1=CC=C(C(=C1)C(C2=CC=C(C=C2)Cl)C(Cl)Cl)Cl,0,DILIrank,Clc1ccc(C(c2ccccc2Cl)C(Cl)Cl)cc1,c1ccc(Cc2ccccc2)cc1
C[C@H]1[C@H]2CC3=C([C@@]1(CCN2CC=C(C)C)C)C=C(C=C3)O,0,DILIrank,CC(C)=CCN1CC[C@@]2(C)c3cc(O)ccc3C[C@@H]1[C@@H]2C,c1ccc2c(c1)CC1CC2CCN1
CO[Si](C)(C)O[Si](C)(C)C.O=[Si]=O,0,DILIrank,CO[Si](C)(C)O[Si](C)(C)C.O=[Si]=O,ACYCLIC::CO[Si](C)(C)O[Si](C)(C)C.O=[Si]=O
CC(C)CC(C(=O)NC(C(C)C)C(=O)O)NC(=O)CNC(=O)C(CCC(=O)N)NC(=O)C(CC(C)C)NC(=O)C(CC(C)C)NC(=O)C(CCCNC(=N)N)NC(=O)C(CCC(=O)N)NC(=O)C(CC(C)C)NC(=O)C(CCCNC(=N)N)NC(=O)C(C)NC(=O)C(CO)NC(=O)C(CC(=O)O)NC(=O)C(CCCNC(=N)N)NC(=O)C(CC(C)C)NC(=O)C(CCCNC(=N)N)NC(=O)C(CO)NC(=O)C(CC(C)C)NC(=O)C(CCC(=O)O)NC(=O)C(CO)NC(=O)C(C(C)O)NC(=O)C(CC1=CC=CC=C1)NC(=O)C(C(C)O)NC(=O)CNC(=O)C(CC(=O)O)NC(=O)C(CO)NC(=O)C(CC2=NC=CN2)N,0,DILIrank,CC(C)CC(NC(=O)CNC(=O)C(CCC(N)=O)NC(=O)C(CC(C)C)NC(=O)C(CC(C)C)NC(=O)C(CCCNC(=N)N)NC(=O)C(CCC(N)=O)NC(=O)C(CC(C)C)NC(=O)C(CCCNC(=N)N)NC(=O)C(C)NC(=O)C(CO)NC(=O)C(CC(=O)O)NC(=O)C(CCCNC(=N)N)NC(=O)C(CC(C)C)NC(=O)C(CCCNC(=N)N)NC(=O)C(CO)NC(=O)C(CC(C)C)NC(=O)C(CCC(=O)O)NC(=O)C(CO)NC(=O)C(NC(=O)C(Cc1ccccc1)NC(=O)C(NC(=O)CNC(=O)C(CC(=O)O)NC(=O)C(CO)NC(=O)C(N)Cc1ncc[nH]1)C(C)O)C(C)O)C(=O)NC(C(=O)O)C(C)C,O=C(CCc1ncc[nH]1)NCC(=O)NCC(=O)NCC(=O)NCC(=O)NCCc1ccccc1
C([C@@H]1[C@H]([C@@H]([C@H]([C@@H](O1)O[C@]2([C@H]([C@@H]([C@H](O2)OS(=O)(=O)[O-])OS(=O)(=O)[O-])OS(=O)(=O)[O-])COS(=O)(=O)[O-])OS(=O)(=O)[O-])OS(=O)(=O)[O-])OS(=O)(=O)[O-])OS(=O)(=O)[O-].O.O.O.[Al],0,DILIrank,O.O.O.O=S(=O)([O-])OC[C@H]1O[C@@H](O[C@]2(COS(=O)(=O)[O-])O[C@H](OS(=O)(=O)[O-])[C@@H](OS(=O)(=O)[O-])[C@@H]2OS(=O)(=O)[O-])[C@H](OS(=O)(=O)[O-])[C@@H](OS(=O)(=O)[O-])[C@@H]1OS(=O)(=O)[O-].[Al],C1CCC(OC2CCCO2)OC1
C(CC(=O)[O-])CO.[Na+],0,DILIrank,O=C([O-])CCCO.[Na+],ACYCLIC::O=C([O-])CCCO.[Na+]
C(=O)([O-])[O-].C(=O)([O-])[O-].C(=O)([O-])[O-].O.[La+3].[La+3],0,DILIrank,O.O=C([O-])[O-].O=C([O-])[O-].O=C([O-])[O-].[La+3].[La+3],ACYCLIC::O.O=C([O-])[O-].O=C([O-])[O-].O=C([O-])[O-].[La+3].[La+3]
C1CC[N+]2(C1)[C@H]3CCC2CC(C3)OC(=O)C(C4=CC=CC=C4)(C5=CC=CC=C5)O.[Cl-],0,DILIrank,O=C(OC1CC2CC[C@@H](C1)[N+]21CCCC1)C(O)(c1ccccc1)c1ccccc1.[Cl-],O=C(OC1CC2CCC(C1)[N+]21CCCC1)C(c1ccccc1)c1ccccc1
CC(C)C(=O)OC1=C(C=C(C=C1)CO)[C@H](CCN(C(C)C)C(C)C)C2=CC=CC=C2.C(=C/C(=O)O)\C(=O)O,0,DILIrank,CC(C)C(=O)Oc1ccc(CO)cc1[C@H](CCN(C(C)C)C(C)C)c1ccccc1.O=C(O)/C=C/C(=O)O,c1ccc(Cc2ccccc2)cc1
C1C(C(C(C(C1N)OC2C(C(C(C(O2)CN)O)O)N)OC3C(C(C(O3)CO)OC4C(C(C(C(O4)CN)O)O)N)O)O)N,0,DILIrank,NCC1OC(OC2C(CO)OC(OC3C(O)C(N)CC(N)C3OC3OC(CN)C(O)C(O)C3N)C2O)C(N)C(O)C1O,C1CCC(OC2COC(OC3CCCCC3OC3CCCCO3)C2)OC1
CCN(C1=CC=CC(=C1)C2=CC=NC3=C(C=NN23)C#N)C(=O)C,0,DILIrank,CCN(C(C)=O)c1cccc(-c2ccnc3c(C#N)cnn23)c1,c1ccc(-c2ccnc3ccnn23)cc1
CN1C2=C(C(=O)N(C1=O)C)NC=N2.CN1C2=C(C(=O)N(C1=O)C)NC=N2.C(CN)N,0,DILIrank,Cn1c(=O)c2[nH]cnc2n(C)c1=O.Cn1c(=O)c2[nH]cnc2n(C)c1=O.NCCN,O=c1[nH]c(=O)c2[nH]cnc2[nH]1.O=c1[nH]c(=O)c2[nH]cnc2[nH]1
CC(C1=CC=CC=C1)(C2=CC=CC=N2)OCCN(C)C,0,DILIrank,CN(C)CCOC(C)(c1ccccc1)c1ccccn1,c1ccc(Cc2ccccn2)cc1
CC(C[N+](C)(C)C)OC(=O)N,0,DILIrank,CC(C[N+](C)(C)C)OC(N)=O,ACYCLIC::CC(C[N+](C)(C)C)OC(N)=O
CC(=O)OCC(=O)[C@]1(CC[C@@H]2[C@@]1(CC(=O)[C@H]3[C@H]2CCC4=CC(=O)CC[C@]34C)C)O,0,DILIrank,CC(=O)OCC(=O)[C@@]1(O)CC[C@H]2[C@@H]3CCC4=CC(=O)CC[C@]4(C)[C@H]3C(=O)C[C@@]21C,O=C1C=C2CCC3C4CCCC4CC(=O)C3C2CC1
CCN(CC)CCOC(=O)C1(CCCCC1)C2CCCCC2,0,DILIrank,CCN(CC)CCOC(=O)C1(C2CCCCC2)CCCCC1,C1CCC(C2CCCCC2)CC1
CN1C2=C(C(=O)N(C1=O)C)N(C=N2)CC(CO)O,0,DILIrank,Cn1c(=O)c2c(ncn2CC(O)CO)n(C)c1=O,O=c1[nH]c(=O)c2[nH]cnc2[nH]1
CN1CC[C@]23CCCC[C@H]2[C@H]1CC4=C3C=C(C=C4)O,0,DILIrank,CN1CC[C@]23CCCC[C@H]2[C@H]1Cc1ccc(O)cc13,c1ccc2c(c1)CC1NCCC23CCCCC13
CC(C)[N+](C)(CCOC(=O)C1C2=CC=CC=C2OC3=CC=CC=C13)C(C)C,0,DILIrank,CC(C)[N+](C)(CCOC(=O)C1c2ccccc2Oc2ccccc21)C(C)C,c1ccc2c(c1)Cc1ccccc1O2
CN(C)CCOC(C1=CC=C(C=C1)Cl)C2=CC=CC=N2,0,DILIrank,CN(C)CCOC(c1ccc(Cl)cc1)c1ccccn1,c1ccc(Cc2ccccn2)cc1
CC1(CC(=O)N(C1=O)C)C2=CC=CC=C2,0,DILIrank,CN1C(=O)CC(C)(c2ccccc2)C1=O,O=C1CC(c2ccccc2)C(=O)N1
C[N+]1(CCCC(C1)OC(=O)C(C2=CC=CC=C2)(C3=CC=CC=C3)O)C,0,DILIrank,C[N+]1(C)CCCC(OC(=O)C(O)(c2ccccc2)c2ccccc2)C1,O=C(OC1CCC[NH2+]C1)C(c1ccccc1)c1ccccc1
CC1=CC=C(C=C1)/C(=C\CN2CCCC2)/C3=CC=CC=N3,0,DILIrank,Cc1ccc(/C(=C\CN2CCCC2)c2ccccn2)cc1,C(CN1CCCC1)=C(c1ccccc1)c1ccccn1
C=CC1=CC=CC=C1S(=O)(=O)[O-].[Ca+2],0,DILIrank,C=Cc1ccccc1S(=O)(=O)[O-].[Ca+2],c1ccccc1
CCN(CC)C(C)C(=O)C1=CC=CC=C1,0,DILIrank,CCN(CC)C(C)C(=O)c1ccccc1,c1ccccc1
C1CCN(CC1)CCC(C2CC3CC2C=C3)(C4=CC=CC=C4)O,0,DILIrank,OC(CCN1CCCCC1)(c1ccccc1)C1CC2C=CC1C2,C1=CC2CC1CC2C(CCN1CCCCC1)c1ccccc1
C[N+]1(CCC(C1)OC(=O)C(C2CCCC2)(C3=CC=CC=C3)O)C,0,DILIrank,C[N+]1(C)CCC(OC(=O)C(O)(c2ccccc2)C2CCCC2)C1,O=C(OC1CC[NH2+]C1)C(c1ccccc1)C1CCCC1
CC(C)(C1=CN=CC=C1)C(=O)C2=CN=CC=C2,0,DILIrank,CC(C)(C(=O)c1cccnc1)c1cccnc1,O=C(Cc1cccnc1)c1cccnc1
C([C@@H]1[C@@H]([C@@H]([C@H]([C@@H](O1)O[C@@H]2[C@H](O[C@@]([C@H]2O)(CO)O)CO)O)O)O)O,0,DILIrank,OC[C@H]1O[C@@H](O[C@@H]2[C@@H](CO)O[C@](O)(CO)[C@H]2O)[C@H](O)[C@@H](O)[C@H]1O,C1CCC(OC2CCOC2)OC1
C[C@H](CCCC(C)(C)O)[C@H]1CC[C@@H]2[C@@]1(CCCC2=CC=C3C[C@H](C[C@@H](C3=C)O)O)C,0,DILIrank,C=C1C(=CC=C2CCC[C@]3(C)[C@@H]([C@H](C)CCCC(C)(C)O)CC[C@@H]23)C[C@@H](O)C[C@@H]1O,C=C1CCCCC1=CC=C1CCCC2CCCC12
CC(C12CC3CC(C1)CC(C3)C2)N,0,DILIrank,CC(N)C12CC3CC(CC(C3)C1)C2,C1C2CC3CC1CC(C2)C3
CC(=O)[O-].CC(=O)[O-].[Ca+2],0,DILIrank,CC(=O)[O-].CC(=O)[O-].[Ca+2],ACYCLIC::CC(=O)[O-].CC(=O)[O-].[Ca+2]
CN1CC[C@]23[C@@H]4C(=O)CC[C@]2([C@H]1CC5=C3C(=C(C=C5)OC)O4)O,0,DILIrank,COc1ccc2c3c1O[C@H]1C(=O)CC[C@@]4(O)[C@@H](C2)N(C)CC[C@]314,O=C1CCC2C3Cc4cccc5c4C2(CCN3)C1O5
C1[C@@H]([C@H]([C@@H]([C@H](N1CCO)CO)O)O)O,0,DILIrank,OCCN1C[C@H](O)[C@@H](O)[C@H](O)[C@H]1CO,C1CCNCC1
C1=CC(=CC=C1SC(P(=O)(O)O)P(=O)(O)O)Cl,0,DILIrank,O=P(O)(O)C(Sc1ccc(Cl)cc1)P(=O)(O)O,c1ccccc1
CC1=CC(=C(C=C1)O)[C@@H](CCN(C(C)C)C(C)C)C2=CC=CC=C2,0,DILIrank,Cc1ccc(O)c([C@@H](CCN(C(C)C)C(C)C)c2ccccc2)c1,c1ccc(Cc2ccccc2)cc1
C=CCN.C1C(O1)CCl,0,DILIrank,C=CCN.ClCC1CO1,C1CO1
CC(C)(C)NCC(C1=CC(=C(C=C1)O)CO)O,0,DILIrank,CC(C)(C)NCC(O)c1ccc(O)c(CO)c1,c1ccccc1
CN1[C@@H]2CC[C@@H]1CC(C2)OC(C3=CC=CC=C3)C4=CC=CC=C4,0,DILIrank,CN1[C@@H]2CC[C@@H]1CC(OC(c1ccccc1)c1ccccc1)C2,c1ccc(C(OC2CC3CCC(C2)N3)c2ccccc2)cc1
CCCCN1C[C@@H]([C@H]([C@@H]([C@H]1CO)O)O)O,0,DILIrank,CCCCN1C[C@H](O)[C@@H](O)[C@H](O)[C@H]1CO,C1CCNCC1
CCNC(=O)N(CCCN(C)C)C(=O)[C@@H]1C[C@H]2[C@@H](CC3=CNC4=CC=CC2=C34)N(C1)CC=C,0,DILIrank,C=CCN1C[C@H](C(=O)N(CCCN(C)C)C(=O)NCC)C[C@@H]2c3cccc4[nH]cc(c34)C[C@H]21,c1cc2c3c(c[nH]c3c1)CC1NCCCC21
CC(=O)OC1=CC=CC=C1C(=O)NC2=NC=C(S2)[N+](=O)[O-],0,DILIrank,CC(=O)Oc1ccccc1C(=O)Nc1ncc([N+](=O)[O-])s1,O=C(Nc1nccs1)c1ccccc1
CC1=C(C(=CC=C1)C)NC(=O)CN2CCN(CC2)CC(COC3=CC=CC=C3OC)O,0,DILIrank,COc1ccccc1OCC(O)CN1CCN(CC(=O)Nc2c(C)cccc2C)CC1,O=C(CN1CCN(CCCOc2ccccc2)CC1)Nc1ccccc1
C[C@H](C1=CC=CC2=CC=CC=C21)NCCCC3=CC(=CC=C3)C(F)(F)F,0,DILIrank,C[C@@H](NCCCc1cccc(C(F)(F)F)c1)c1cccc2ccccc12,c1ccc(CCCNCc2cccc3ccccc23)cc1
C[C@H]1CN(CC[C@@]1(C)C2=CC(=CC=C2)O)C[C@H](CC3=CC=CC=C3)C(=O)NCC(=O)O,0,DILIrank,C[C@H]1CN(C[C@H](Cc2ccccc2)C(=O)NCC(=O)O)CC[C@@]1(C)c1cccc(O)c1,c1ccc(CCCN2CCC(c3ccccc3)CC2)cc1
CCC(=O)NCC[C@@H]1CCC2=C1C3=C(C=C2)OCC3,0,DILIrank,CCC(=O)NCC[C@@H]1CCc2ccc3c(c21)CCO3,c1cc2c(c3c1CCC3)CCO2
CCCCC([C@]1(CC[C@H]2[C@H](O1)CC(=O)[C@H]2CCCCCCC(=O)O)O)(F)F,0,DILIrank,CCCCC(F)(F)[C@@]1(O)CC[C@@H]2[C@H](CCCCCCC(=O)O)C(=O)C[C@H]2O1,O=C1CC2CCCOC2C1
CC1=C(C(=O)N2CCCC(C2=N1)O)CCN3CCC(CC3)C4=NOC5=C4C=CC(=C5)F,0,DILIrank,Cc1nc2n(c(=O)c1CCN1CCC(c3noc4cc(F)ccc34)CC1)CCCC2O,O=c1c(CCN2CCC(c3noc4ccccc34)CC2)cnc2n1CCCC2
CC(C(C1CNC2=C(N1)C(=O)N=C(N2)N)O)O,0,DILIrank,CC(O)C(O)C1CNc2[nH]c(N)nc(=O)c2N1,O=c1nc[nH]c2c1NCCN2
CN1CC[C@]23[C@@H]4[C@H]1CC5=C2C(=C(C=C5)OC)O[C@H]3[C@H](C=C4)O,0,DILIrank,COc1ccc2c3c1O[C@H]1[C@@H](O)C=C[C@H]4[C@@H](C2)N(C)CC[C@@]341,C1=CC2C3Cc4cccc5c4C2(CCN3)C(C1)O5
CCC(C)CCCCC(=O)NC(CCNCS(=O)(=O)[O-])C(=O)NC(C(C)O)C(=O)NC(CCNCS(=O)(=O)[O-])C(=O)NC1CCNC(=O)C(NC(=O)C(NC(=O)C(NC(=O)C(NC(=O)C(NC(=O)C(NC1=O)CCNCS(=O)(=O)[O-])CC(C)C)CC(C)C)CCNCS(=O)(=O)[O-])CCNCS(=O)(=O)[O-])C(C)O.[Na+].[Na+].[Na+].[Na+].[Na+],0,DILIrank,CCC(C)CCCCC(=O)NC(CCNCS(=O)(=O)[O-])C(=O)NC(C(=O)NC(CCNCS(=O)(=O)[O-])C(=O)NC1CCNC(=O)C(C(C)O)NC(=O)C(CCNCS(=O)(=O)[O-])NC(=O)C(CCNCS(=O)(=O)[O-])NC(=O)C(CC(C)C)NC(=O)C(CC(C)C)NC(=O)C(CCNCS(=O)(=O)[O-])NC1=O)C(C)O.[Na+].[Na+].[Na+].[Na+].[Na+],O=C1CCCNC(=O)CNC(=O)CNC(=O)CNC(=O)CNC(=O)CNC(=O)CN1
CCC(C)CCCCC(=O)NC(CCN)C(=O)NC(C(C)O)C(=O)NC(CCN)C(=O)NC1CCNC(=O)C(NC(=O)C(NC(=O)C(NC(=O)C(NC(=O)C(NC(=O)C(NC1=O)CCN)CC2=CC=CC=C2)CC(C)C)CCN)CCN)C(C)O.OS(=O)(=O)O,0,DILIrank,CCC(C)CCCCC(=O)NC(CCN)C(=O)NC(C(=O)NC(CCN)C(=O)NC1CCNC(=O)C(C(C)O)NC(=O)C(CCN)NC(=O)C(CCN)NC(=O)C(CC(C)C)NC(=O)C(Cc2ccccc2)NC(=O)C(CCN)NC1=O)C(C)O.O=S(=O)(O)O,O=C1CCCNC(=O)CNC(=O)CNC(=O)CNC(=O)CNC(=O)C(Cc2ccccc2)NC(=O)CN1
C1C2=NN=CN2C3=C(C=C(C=C3)Cl)C(=N1)C4=CC=CC=C4,0,DILIrank,Clc1ccc2c(c1)C(c1ccccc1)=NCc1nncn1-2,c1ccc(C2=NCc3nncn3-c3ccccc32)cc1
CC1=CC2=C(C=C1C)N(C3=NC(=O)NC(=O)C3=N2)C[C@H]([C@H]([C@H](CO)O)O)O,0,DILIrank,Cc1cc2nc3c(=O)[nH]c(=O)nc-3n(C[C@@H](O)[C@@H](O)[C@@H](O)CO)c2cc1C,O=c1nc2[nH]c3ccccc3nc-2c(=O)[nH]1
CC[C@]12CC[C@H]3[C@H]([C@@H]1CC[C@]2(C#C)O)CCC4=CC(=O)CC[C@H]34,0,DILIrank,C#C[C@]1(O)CC[C@H]2[C@@H]3CCC4=CC(=O)CC[C@@H]4[C@H]3CC[C@@]21CC,O=C1C=C2CCC3C4CCCC4CCC3C2CC1
C[N+]1(C2CC(CC1C3C2O3)OC(=O)C(CO)C4=CC=CC=C4)C,0,DILIrank,C[N+]1(C)C2CC(OC(=O)C(CO)c3ccccc3)CC1C1OC12,O=C(Cc1ccccc1)OC1CC2[NH2+]C(C1)C1OC21
C(C(CO[N+](=O)[O-])O[N+](=O)[O-])O[N+](=O)[O-],0,DILIrank,O=[N+]([O-])OCC(CO[N+](=O)[O-])O[N+](=O)[O-],ACYCLIC::O=[N+]([O-])OCC(CO[N+](=O)[O-])O[N+](=O)[O-]
CC[N+](CC)(CCNC(=O)C(=O)NCC[N+](CC)(CC)CC1=CC=CC=C1Cl)CC2=CC=CC=C2Cl,0,DILIrank,CC[N+](CC)(CCNC(=O)C(=O)NCC[N+](CC)(CC)Cc1ccccc1Cl)Cc1ccccc1Cl,O=C(NCC[NH2+]Cc1ccccc1)C(=O)NCC[NH2+]Cc1ccccc1
C[C@@H]([C@@H](C1=CC=CC=C1)O)NC,0,DILIrank,CN[C@@H](C)[C@H](O)c1ccccc1,c1ccccc1
CN1CCCN=C1/C=C/C2=CC=CS2,0,DILIrank,CN1CCCN=C1/C=C/c1cccs1,C(=Cc1cccs1)C1=NCCCN1
C1C(=S)N(C2=C(C=C(C=C2)Cl)C(=N1)C3=CC=CC=C3F)CC(F)(F)F,0,DILIrank,Fc1ccccc1C1=NCC(=S)N(CC(F)(F)F)c2ccc(Cl)cc21,S=C1CN=C(c2ccccc2)c2ccccc2N1
CC[C@@]1(C2=C(COC1=O)C(=O)N3CC4=C(C3=C2)N=C5C=CC(=C(C5=C4)CN(C)C)O)O,0,DILIrank,CC[C@@]1(O)C(=O)OCc2c1cc1n(c2=O)Cc2cc3c(CN(C)C)c(O)ccc3nc2-1,O=C1Cc2cc3n(c(=O)c2CO1)Cc1cc2ccccc2nc1-3
CN1C2CC(CC1C3C2O3)OC(=O)C(CO)C4=CC=CC=C4,0,DILIrank,CN1C2CC(OC(=O)C(CO)c3ccccc3)CC1C1OC12,O=C(Cc1ccccc1)OC1CC2NC(C1)C1OC21
CCCC(C)(COC(=O)N)COC(=O)NC(C)C,0,DILIrank,CCCC(C)(COC(N)=O)COC(=O)NC(C)C,ACYCLIC::CCCC(C)(COC(N)=O)COC(=O)NC(C)C
CC(C)(CO)N.CN1C2=C(C(=O)N(C1=O)C)NC(=N2)Br,0,DILIrank,CC(C)(N)CO.Cn1c(=O)c2[nH]c(Br)nc2n(C)c1=O,O=c1[nH]c(=O)c2[nH]cnc2[nH]1
CC(=O)OC1=CC=C(C=C1)C(C2=CC=C(C=C2)OC(=O)C)C3=CC=CC=N3,0,DILIrank,CC(=O)Oc1ccc(C(c2ccc(OC(C)=O)cc2)c2ccccn2)cc1,c1ccc(C(c2ccccc2)c2ccccn2)cc1
C1CCC(CC1)C(CCN2CCCC2)(C3=CC=CC=C3)O,0,DILIrank,OC(CCN1CCCC1)(c1ccccc1)C1CCCCC1,c1ccc(C(CCN2CCCC2)C2CCCCC2)cc1
CCCC(C)(COC(=O)N)COC(=O)N,0,DILIrank,CCCC(C)(COC(N)=O)COC(N)=O,ACYCLIC::CCCC(C)(COC(N)=O)COC(N)=O
CC(C)(C)NC[C@@H](COC1=CC=CC=C1C2CCCC2)O,0,DILIrank,CC(C)(C)NC[C@H](O)COc1ccccc1C1CCCC1,c1ccc(C2CCCC2)cc1
CC[N+](C)(C)C1=CC(=CC=C1)O,0,DILIrank,CC[N+](C)(C)c1cccc(O)c1,c1ccccc1
C1=CC(=C(C=C1CCN)O)O,0,DILIrank,NCCc1ccc(O)c(O)c1,c1ccccc1
C[C@@]12CCN([C@@H]1N(C3=C2C=C(C=C3)OC(=O)NC)C)C,0,DILIrank,CNC(=O)Oc1ccc2c(c1)[C@]1(C)CCN(C)[C@@H]1N2C,c1ccc2c(c1)NC1NCCC21
C[C@H]1[C@@]([C@H]([C@@H](O1)O[C@@H]2[C@H]([C@@H]([C@H]([C@@H]([C@H]2O)O)N=C(N)N)O)N=C(N)N)O[C@H]3[C@H]([C@@H]([C@H]([C@@H](O3)CO)O)O)NC)(C=O)O,0,DILIrank,CN[C@@H]1[C@H](O[C@H]2[C@H](O[C@H]3[C@H](O)[C@@H](O)[C@H](N=C(N)N)[C@@H](O)[C@@H]3N=C(N)N)O[C@@H](C)[C@]2(O)C=O)O[C@@H](CO)[C@H](O)[C@H]1O,C1CCC(OC2OCCC2OC2CCCCO2)CC1
C1=NC2=C(C(=N1)N)N=CN2[C@H]3[C@@H]([C@@H]([C@H](O3)CO)O)O,0,DILIrank,Nc1ncnc2c1ncn2[C@@H]1O[C@H](CO)[C@@H](O)[C@H]1O,c1ncc2ncn(C3CCCO3)c2n1
CC(CCC1=CC=C(C=C1)O)NCCC2=CC(=C(C=C2)O)O,0,DILIrank,CC(CCc1ccc(O)cc1)NCCc1ccc(O)c(O)c1,c1ccc(CCCNCCc2ccccc2)cc1
CCOC(=O)C1=C2CN(C(=O)C3=C(N2C=N1)C=CC(=C3)F)C,0,DILIrank,CCOC(=O)c1ncn2c1CN(C)C(=O)c1cc(F)ccc1-2,O=C1NCc2cncn2-c2ccccc21
CCN(CC)CC(=O)NC1=C(C=CC=C1C)C,0,DILIrank,CCN(CC)CC(=O)Nc1c(C)cccc1C,c1ccccc1
CCC(C)[C@H]1C(=O)N[C@@H](C(=O)N[C@H](C(=O)N[C@@H](C(=O)N[C@H](C(=O)NCCCC[C@@H](C(=O)N[C@@H](C(=O)N1)CCCN)NC(=O)[C@H](C(C)CC)NC(=O)[C@@H](CCC(=O)O)NC(=O)[C@H](CC(C)C)NC(=O)C2CN=C(S2)[C@H](C(C)CC)N)CC(=O)N)CC(=O)O)CC3=CN=CN3)CC4=CC=CC=C4,0,DILIrank,CCC(C)[C@H](N)C1=NCC(C(=O)N[C@@H](CC(C)C)C(=O)N[C@H](CCC(=O)O)C(=O)N[C@H](C(=O)N[C@H]2CCCCNC(=O)[C@H](CC(N)=O)NC(=O)[C@@H](CC(=O)O)NC(=O)[C@H](Cc3cnc[nH]3)NC(=O)[C@@H](Cc3ccccc3)NC(=O)[C@H](C(C)CC)NC(=O)[C@@H](CCCN)NC2=O)C(C)CC)S1,O=C1CNC(=O)CNC(=O)C(Cc2cnc[nH]2)NC(=O)C(Cc2ccccc2)NC(=O)CNC(=O)CNC(=O)C(NC(=O)CNC(=O)CNC(=O)CNC(=O)C2CN=CS2)CCCCN1
C(C[C@@H](C(=O)O)N)CN=C(N)N,0,DILIrank,NC(N)=NCCC[C@H](N)C(=O)O,ACYCLIC::NC(N)=NCCC[C@H](N)C(=O)O
CC(=O)OCC[N+](C)(C)C,0,DILIrank,CC(=O)OCC[N+](C)(C)C,ACYCLIC::CC(=O)OCC[N+](C)(C)C
CC[C@@]1(C[C@H]2C[C@@](C3=C(CCN(C2)C1)C4=CC=CC=C4N3)(C5=C(C=C6C(=C5)[C@]78CCN9[C@H]7[C@@](C=CC9)([C@H]([C@@]([C@@H]8N6C)(C(=O)OC)O)OC(=O)C)CC)OC)C(=O)OC)O,0,DILIrank,CC[C@]1(O)C[C@@H]2CN(CCc3c([nH]c4ccccc34)[C@@](C(=O)OC)(c3cc4c(cc3OC)N(C)[C@H]3[C@@](O)(C(=O)OC)[C@H](OC(C)=O)[C@]5(CC)C=CCN6CC[C@]43[C@@H]65)C2)C1,C1=CC2CCC3Nc4ccc(C5CC6CCCN(CCc7c5[nH]c5ccccc75)C6)cc4C34CCN(C1)C24
C1[C@@H]2C[C@@H]2N([C@@H]1C#N)C(=O)[C@H](C34CC5CC(C3)CC(C5)(C4)O)N.Cl,0,DILIrank,Cl.N#C[C@@H]1C[C@@H]2C[C@@H]2N1C(=O)[C@@H](N)C12CC3CC(CC(O)(C3)C1)C2,O=C(CC12CC3CC(CC(C3)C1)C2)N1CCC2CC21
CN(C)CC[C@@H](C1=CC=C(C=C1)Cl)C2=CC=CC=N2,0,DILIrank,CN(C)CC[C@@H](c1ccc(Cl)cc1)c1ccccn1,c1ccc(Cc2ccccn2)cc1
CNCCCC1C2=CC=CC=C2C=CC3=CC=CC=C13,0,DILIrank,CNCCCC1c2ccccc2C=Cc2ccccc21,C1=Cc2ccccc2Cc2ccccc21
CCCCCCC(C)(C)C1=CC2=C([C@@H]3CC(=O)CC[C@H]3C(O2)(C)C)C(=C1)O,0,DILIrank,CCCCCCC(C)(C)c1cc(O)c2c(c1)OC(C)(C)[C@@H]1CCC(=O)C[C@@H]21,O=C1CCC2COc3ccccc3C2C1
CN(C)CCC1=CNC2=C1C=C(C=C2)CS(=O)(=O)N3CCCC3,0,DILIrank,CN(C)CCc1c[nH]c2ccc(CS(=O)(=O)N3CCCC3)cc12,O=S(=O)(Cc1ccc2[nH]ccc2c1)N1CCCC1
CN[C@@H]1CCC2=C(C1)C3=C(N2)C=CC(=C3)C(=O)N,0,DILIrank,CN[C@@H]1CCc2[nH]c3ccc(C(N)=O)cc3c2C1,c1ccc2c3c([nH]c2c1)CCCC3
C[C@]12CCC3[C@H]([C@@H]1CC[C@@H]2C(=O)NC4=C(C=CC(=C4)C(F)(F)F)C(F)(F)F)CC[C@@H]5[C@@]3(C=CC(=O)N5)C,0,DILIrank,C[C@]12CCC3[C@@H](CC[C@H]4NC(=O)C=C[C@]34C)[C@@H]1CC[C@@H]2C(=O)Nc1cc(C(F)(F)F)ccc1C(F)(F)F,O=C1C=CC2C(CCC3C2CCC2C(C(=O)Nc4ccccc4)CCC23)N1
CCCCCN(C)CCC(O)(P(=O)(O)O)P(=O)(O)O,0,DILIrank,CCCCCN(C)CCC(O)(P(=O)(O)O)P(=O)(O)O,ACYCLIC::CCCCCN(C)CCC(O)(P(=O)(O)O)P(=O)(O)O
C[C@@H]1CC[C@H]2C[C@@H](/C(=C/C=C/C=C/[C@H](C[C@H](C(=O)[C@@H]([C@@H](/C(=C/[C@H](C(=O)C[C@H](OC(=O)[C@@H]3CCCCN3C(=O)C(=O)[C@@]1(O2)O)[C@H](C)C[C@@H]4CC[C@H]([C@@H](C4)OC)OC(=O)C(C)(CO)CO)C)/C)O)OC)C)C)/C)OC,0,DILIrank,CO[C@H]1C[C@@H]2CC[C@@H](C)[C@@](O)(O2)C(=O)C(=O)N2CCCC[C@H]2C(=O)O[C@H]([C@H](C)C[C@@H]2CC[C@@H](OC(=O)C(C)(CO)CO)[C@H](OC)C2)CC(=O)[C@H](C)/C=C(\C)[C@@H](O)[C@@H](OC)C(=O)[C@H](C)C[C@H](C)/C=C/C=C/C=C/1C,O=C1CCC=CCC(=O)CC(CCC2CCCCC2)OC(=O)C2CCCCN2C(=O)C(=O)C2CCCC(CCC=CC=CC=CCCC1)O2
C1=NC2=C(N1[C@H]3[C@H]([C@@H]([C@H](O3)COP(=O)(O)O)O)O)N=C(N=C2N)F,0,DILIrank,Nc1nc(F)nc2c1ncn2[C@@H]1O[C@H](COP(=O)(O)O)[C@@H](O)[C@@H]1O,c1ncc2ncn(C3CCCO3)c2n1
CCOC(=O)N1CCC(=C2C3=C(CCC4=C2N=CC=C4)C=C(C=C3)Cl)CC1,0,DILIrank,CCOC(=O)N1CCC(=C2c3ccc(Cl)cc3CCc3cccnc32)CC1,c1ccc2c(c1)CCc1cccnc1C2=C1CCNCC1
CO[C@H]1[C@@H](C[C@@H]2CN3CCC4=C([C@H]3C[C@@H]2[C@@H]1C(=O)OC)NC5=C4C=CC(=C5)OC)OC(=O)C6=CC(=C(C(=C6)OC)OC)OC,0,DILIrank,COC(=O)[C@H]1[C@H]2C[C@@H]3c4[nH]c5cc(OC)ccc5c4CCN3C[C@H]2C[C@@H](OC(=O)c2cc(OC)c(OC)c(OC)c2)[C@@H]1OC,O=C(OC1CCC2CC3c4[nH]c5ccccc5c4CCN3CC2C1)c1ccccc1
C1CCC(CC1)C(CCN2CCCCC2)(C3=CC=CC=C3)O,0,DILIrank,OC(CCN1CCCCC1)(c1ccccc1)C1CCCCC1,c1ccc(C(CCN2CCCCC2)C2CCCCC2)cc1
CC1=C(C(=CC=C1)C)NC(=O)C2CCCCN2C,0,DILIrank,Cc1cccc(C)c1NC(=O)C1CCCCN1C,O=C(Nc1ccccc1)C1CCCCN1
C1CC[C@]2([C@H]3CC4=C([C@]2(C1)CCN3CC5CCC5)C=C(C=C4)O)O,0,DILIrank,Oc1ccc2c(c1)[C@@]13CCCC[C@@]1(O)[C@@H](C2)N(CC1CCC1)CC3,c1ccc2c(c1)CC1C3CCCCC23CCN1CC1CCC1
C1CC(C1)CN2CC[C@]34C5[C@H](CC[C@]3([C@H]2CC6=C4C(=C(C=C6)O)O5)O)O,0,DILIrank,Oc1ccc2c3c1OC1[C@@H](O)CC[C@@]4(O)[C@@H](C2)N(CC2CCC2)CC[C@]314,c1cc2c3c(c1)OC1CCCC4C(C2)N(CC2CCC2)CCC314
CCC(=O)N(C1=CC=CC=C1)C2(CCN(CC2)CCC3=CC=CS3)COC,0,DILIrank,CCC(=O)N(c1ccccc1)C1(COC)CCN(CCc2cccs2)CC1,c1ccc(NC2CCN(CCc3cccs3)CC2)cc1
C[N@@+]1(CCC2=CC(=C(C=C2[C@H]1CC3=CC(=C(C=C3)OC)OC)OC)OC)CCC(=O)OCCCCCOC(=O)CC[N@+]4(CCC5=CC(=C(C=C5[C@H]4CC6=CC(=C(C=C6)OC)OC)OC)OC)C.C1=CC=C(C=C1)S(=O)(=O)[O-].C1=CC=C(C=C1)S(=O)(=O)[O-],0,DILIrank,COc1ccc(C[C@@H]2c3cc(OC)c(OC)cc3CC[N@+]2(C)CCC(=O)OCCCCCOC(=O)CC[N@@+]2(C)CCc3cc(OC)c(OC)cc3[C@H]2Cc2ccc(OC)c(OC)c2)cc1OC.O=S(=O)([O-])c1ccccc1.O=S(=O)([O-])c1ccccc1,O=C(CC[NH+]1CCc2ccccc2C1Cc1ccccc1)OCCCCCOC(=O)CC[NH+]1CCc2ccccc2C1Cc1ccccc1.c1ccccc1.c1ccccc1
C1CN(CC=C1N2C3=CC=CC=C3NC2=O)CCCC(=O)C4=CC=C(C=C4)F,0,DILIrank,O=C(CCCN1CC=C(n2c(=O)[nH]c3ccccc32)CC1)c1ccc(F)cc1,O=C(CCCN1CC=C(n2c(=O)[nH]c3ccccc32)CC1)c1ccccc1
CCC(=O)N(C1=CC=CC=C1)C2(CCN(CC2)CCN3C(=O)N(N=N3)CC)COC,0,DILIrank,CCC(=O)N(c1ccccc1)C1(COC)CCN(CCn2nnn(CC)c2=O)CC1,O=c1[nH]nnn1CCN1CCC(Nc2ccccc2)CC1
CC(C)(CO)C(C(=O)NCCCO)O,0,DILIrank,CC(C)(CO)C(O)C(=O)NCCCO,ACYCLIC::CC(C)(CO)C(O)C(=O)NCCCO
C(C(C(C(C(CO)O)O)O)O)O,0,DILIrank,OCC(O)C(O)C(O)C(O)CO,ACYCLIC::OCC(O)C(O)C(O)C(O)CO
C1=CC(=CC=C1C(=O)NCC(=O)O)N,0,DILIrank,Nc1ccc(C(=O)NCC(=O)O)cc1,c1ccccc1
CC[C@H](C)[C@@H](C(=O)N[C@@H](CO)C(=O)N[C@@H](CC(C)C)C(=O)N[C@@H](CC(=O)O)C(=O)N[C@@H](CC(C)C)C(=O)N[C@@H]([C@@H](C)O)C(=O)N[C@@H](CC1=CC=CC=C1)C(=O)N[C@@H](CC2=CN=CN2)C(=O)N[C@@H](CC(C)C)C(=O)N[C@@H](CC(C)C)C(=O)N[C@@H](CCCNC(=N)N)C(=O)N[C@@H](CCC(=O)O)C(=O)N[C@@H](C(C)C)C(=O)N[C@@H](CC(C)C)C(=O)N[C@@H](CCC(=O)O)C(=O)N[C@@H](CCSC)C(=O)N[C@@H](C)C(=O)N[C@@H](CCCNC(=N)N)C(=O)N[C@@H](C)C(=O)N[C@@H](CCC(=O)O)C(=O)N[C@@H](CCC(=O)N)C(=O)N[C@@H](CC(C)C)C(=O)N[C@@H](C)C(=O)N[C@@H](CCC(=O)N)C(=O)N[C@@H](CCC(=O)N)C(=O)N[C@@H](C)C(=O)N[C@@H](CC3=CN=CN3)C(=O)N[C@@H](CO)C(=O)N[C@@H](CC(=O)N)C(=O)N[C@@H](CCCNC(=N)N)C(=O)N[C@@H](CCCCN)C(=O)N[C@@H](CCSC)C(=O)N[C@@H](CC(C)C)C(=O)N[C@@H](CCC(=O)O)C(=O)N[C@@H]([C@@H](C)CC)C(=O)N[C@@H]([C@@H](C)CC)C(=O)O)NC(=O)[C@@H]4CCCN4C(=O)[C@@H]5CCCN5C(=O)[C@H](CCC(=O)O)NC(=O)[C@H](CCC(=O)O)NC(=O)[C@H](CO)N,0,DILIrank,CC[C@H](C)[C@H](NC(=O)[C@@H](NC(=O)[C@H](CCC(=O)O)NC(=O)[C@H](CC(C)C)NC(=O)[C@H](CCSC)NC(=O)[C@H](CCCCN)NC(=O)[C@H](CCCNC(=N)N)NC(=O)[C@H](CC(N)=O)NC(=O)[C@H](CO)NC(=O)[C@H](Cc1cnc[nH]1)NC(=O)[C@H](C)NC(=O)[C@H](CCC(N)=O)NC(=O)[C@H](CCC(N)=O)NC(=O)[C@H](C)NC(=O)[C@H](CC(C)C)NC(=O)[C@H](CCC(N)=O)NC(=O)[C@H](CCC(=O)O)NC(=O)[C@H](C)NC(=O)[C@H](CCCNC(=N)N)NC(=O)[C@H](C)NC(=O)[C@H](CCSC)NC(=O)[C@H](CCC(=O)O)NC(=O)[C@H](CC(C)C)NC(=O)[C@@H](NC(=O)[C@H](CCC(=O)O)NC(=O)[C@H](CCCNC(=N)N)NC(=O)[C@H](CC(C)C)NC(=O)[C@H](CC(C)C)NC(=O)[C@H](Cc1cnc[nH]1)NC(=O)[C@H](Cc1ccccc1)NC(=O)[C@@H](NC(=O)[C@H](CC(C)C)NC(=O)[C@H](CC(=O)O)NC(=O)[C@H](CC(C)C)NC(=O)[C@H](CO)NC(=O)[C@@H](NC(=O)[C@@H]1CCCN1C(=O)[C@@H]1CCCN1C(=O)[C@H](CCC(=O)O)NC(=O)[C@H](CCC(=O)O)NC(=O)[C@@H](N)CO)[C@@H](C)CC)[C@@H](C)O)C(C)C)[C@@H](C)CC)C(=O)O,O=C(CNC(=O)CNC(=O)CNC(=O)CNC(=O)CNC(=O)CNC(=O)CNC(=O)CNC(=O)CNC(=O)CNC(=O)CNC(=O)CNC(=O)CNC(=O)CNC(=O)CNC(=O)CNC(=O)CNC(=O)CNC(=O)C(Cc1cnc[nH]1)NC(=O)C(Cc1ccccc1)NC(=O)CNC(=O)CNC(=O)CNC(=O)CNC(=O)CNC(=O)CNC(=O)C1CCCN1C(=O)C1CCCN1)NCCc1cnc[nH]1
CC1(C(=[N+](C2=C1C3=CC=CC=C3C=C2)CCCCS(=O)(=O)[O-])C=CC=CC=CC=C4C(C5=C(N4CCCCS(=O)(=O)[O-])C=CC6=CC=CC=C65)(C)C)C.[Na+],0,DILIrank,CC1(C)C(=CC=CC=CC=CC2=[N+](CCCCS(=O)(=O)[O-])c3ccc4ccccc4c3C2(C)C)N(CCCCS(=O)(=O)[O-])c2ccc3ccccc3c21.[Na+],C(=CC=CC1=[NH+]c2ccc3ccccc3c2C1)C=CC=C1Cc2c(ccc3ccccc23)N1
CC(=O)NC1=C(C(=C(C(=C1I)C(=O)O)I)C(=O)NC)I,0,DILIrank,CNC(=O)c1c(I)c(NC(C)=O)c(I)c(C(=O)O)c1I,c1ccccc1
C([C@@H]1[C@H]([C@@H]([C@H](C(O1)O)O)O)O)O,0,DILIrank,OC[C@H]1OC(O)[C@H](O)[C@@H](O)[C@@H]1O,C1CCOCC1
[13CH3]C(C(=O)[O-])O.[Na+],0,DILIrank,[13CH3]C(O)C(=O)[O-].[Na+],ACYCLIC::[13CH3]C(O)C(=O)[O-].[Na+]
C1C[C@H](N(C1)C(=O)[C@H](CC2=CN=CN2)NC(=O)[C@@H]3CCC(=O)N3)C(=O)N,0,DILIrank,NC(=O)[C@@H]1CCCN1C(=O)[C@H](Cc1cnc[nH]1)NC(=O)[C@@H]1CCC(=O)N1,O=C1CCC(C(=O)NC(Cc2cnc[nH]2)C(=O)N2CCCC2)N1
CSCC[C@@H](C(=O)NCC(=O)N[C@@H](CC1=CNC2=CC=CC=C21)C(=O)N[C@@H](CCSC)C(=O)N[C@@H](CC(=O)O)C(=O)N[C@@H](CC3=CC=CC=C3)C(=O)N)NC(=O)[C@H](CC4=CC=C(C=C4)OS(=O)(=O)O)NC(=O)[C@H](CC(=O)O)N,0,DILIrank,CSCC[C@H](NC(=O)[C@H](Cc1ccc(OS(=O)(=O)O)cc1)NC(=O)[C@@H](N)CC(=O)O)C(=O)NCC(=O)N[C@@H](Cc1c[nH]c2ccccc12)C(=O)N[C@@H](CCSC)C(=O)N[C@@H](CC(=O)O)C(=O)N[C@@H](Cc1ccccc1)C(N)=O,O=C(CCc1ccccc1)NCC(=O)NCC(=O)NC(Cc1c[nH]c2ccccc12)C(=O)NCC(=O)NCC(=O)NCCc1ccccc1
Cl[Cu]Cl,0,DILIrank,[Cl][Cu][Cl],ACYCLIC::[Cl][Cu][Cl]
C(CO)N(C1=C(C(=C(C(=C1I)C(=O)NCC(CO)O)I)C(=O)NCC(CO)O)I)C(=O)CO,0,DILIrank,O=C(NCC(O)CO)c1c(I)c(C(=O)NCC(O)CO)c(I)c(N(CCO)C(=O)CO)c1I,c1ccccc1
CC[C@H](C)[C@@H](C(=O)N[C@@H](CO)C(=O)N[C@@H](CC(C)C)C(=O)N[C@@H](CC(=O)O)C(=O)N[C@@H](CC(C)C)C(=O)N[C@@H]([C@@H](C)O)C(=O)N[C@@H](CC1=CC=CC=C1)C(=O)N[C@@H](CC2=CN=CN2)C(=O)N[C@@H](CC(C)C)C(=O)N[C@@H](CC(C)C)C(=O)N[C@@H](CCCNC(=N)N)C(=O)N[C@@H](CCC(=O)O)C(=O)N[C@@H](C(C)C)C(=O)N[C@@H](CC(C)C)C(=O)N[C@@H](CCC(=O)O)C(=O)N[C@@H](CCSC)C(=O)N[C@@H]([C@@H](C)O)C(=O)N[C@@H](CCCCN)C(=O)N[C@@H](C)C(=O)N[C@@H](CC(=O)O)C(=O)N[C@@H](CCC(=O)N)C(=O)N[C@@H](CC(C)C)C(=O)N[C@@H](C)C(=O)N[C@@H](CCC(=O)N)C(=O)N[C@@H](CCC(=O)N)C(=O)N[C@@H](C)C(=O)N[C@@H](CC3=CN=CN3)C(=O)N[C@@H](CO)C(=O)N[C@@H](CC(=O)N)C(=O)N[C@@H](CCCNC(=N)N)C(=O)N[C@@H](CCCCN)C(=O)N[C@@H](CC(C)C)C(=O)N[C@@H](CC(C)C)C(=O)N[C@@H](CC(=O)O)C(=O)N[C@@H]([C@@H](C)CC)C(=O)N[C@@H](C)C(=O)N)NC(=O)[C@@H]4CCCN4C(=O)[C@@H]5CCCN5C(=O)[C@H](CCC(=O)O)NC(=O)[C@H](CCC(=O)N)NC(=O)[C@H](CO)N,0,DILIrank,CC[C@H](C)[C@H](NC(=O)[C@H](CC(=O)O)NC(=O)[C@H](CC(C)C)NC(=O)[C@H](CC(C)C)NC(=O)[C@H](CCCCN)NC(=O)[C@H](CCCNC(=N)N)NC(=O)[C@H](CC(N)=O)NC(=O)[C@H](CO)NC(=O)[C@H](Cc1cnc[nH]1)NC(=O)[C@H](C)NC(=O)[C@H](CCC(N)=O)NC(=O)[C@H](CCC(N)=O)NC(=O)[C@H](C)NC(=O)[C@H](CC(C)C)NC(=O)[C@H](CCC(N)=O)NC(=O)[C@H](CC(=O)O)NC(=O)[C@H](C)NC(=O)[C@H](CCCCN)NC(=O)[C@@H](NC(=O)[C@H](CCSC)NC(=O)[C@H](CCC(=O)O)NC(=O)[C@H](CC(C)C)NC(=O)[C@@H](NC(=O)[C@H](CCC(=O)O)NC(=O)[C@H](CCCNC(=N)N)NC(=O)[C@H](CC(C)C)NC(=O)[C@H](CC(C)C)NC(=O)[C@H](Cc1cnc[nH]1)NC(=O)[C@H](Cc1ccccc1)NC(=O)[C@@H](NC(=O)[C@H](CC(C)C)NC(=O)[C@H](CC(=O)O)NC(=O)[C@H](CC(C)C)NC(=O)[C@H](CO)NC(=O)[C@@H](NC(=O)[C@@H]1CCCN1C(=O)[C@@H]1CCCN1C(=O)[C@H](CCC(=O)O)NC(=O)[C@H](CCC(N)=O)NC(=O)[C@@H](N)CO)[C@@H](C)CC)[C@@H](C)O)C(C)C)[C@@H](C)O)C(=O)N[C@@H](C)C(N)=O,O=C(CNC(=O)CNC(=O)CNC(=O)CNC(=O)CNC(=O)CNC(=O)CNC(=O)CNC(=O)CNC(=O)CNC(=O)CNC(=O)CNC(=O)CNC(=O)CNC(=O)CNC(=O)CNC(=O)CNC(=O)CNC(=O)C(Cc1cnc[nH]1)NC(=O)C(Cc1ccccc1)NC(=O)CNC(=O)CNC(=O)CNC(=O)CNC(=O)CNC(=O)CNC(=O)C1CCCN1C(=O)C1CCCN1)NCCc1cnc[nH]1
[O-]S(=O)(=S)[O-].[Na+].[Na+],0,DILIrank,O=S([O-])([O-])=S.[Na+].[Na+],ACYCLIC::O=S([O-])([O-])=S.[Na+].[Na+]
CC[C@H](C)[C@H]1C(=O)N[C@H](C(=O)N[C@H](C(=O)N[C@H](C(=O)N[C@H](C(=O)NCC(=O)N[C@H](C(=O)NCC(=O)N[C@@H](CSSC[C@@H](C(=O)N[C@H](C(=O)NCC(=O)N[C@H](C(=O)N[C@H](C(=O)N[C@H](C(=O)N[C@H](C(=O)N[C@H](C(=O)N1)CCCNC(=N)N)CC(=O)O)CCSC)CCCCN)CCCNC(=N)N)CC2=CC=CC=C2)NC(=O)CNC(=O)[C@H](CO)NC(=O)CNC(=O)[C@H](CCC(=O)N)NC(=O)[C@H](C(C)C)NC(=O)[C@H](CCSC)NC(=O)[C@H](CCCCN)NC(=O)[C@@H]3CCCN3C(=O)[C@H](CO)N)C(=O)N[C@@H](CCCCN)C(=O)N[C@@H](C(C)C)C(=O)N[C@@H](CC(C)C)C(=O)N[C@@H](CCCNC(=N)N)C(=O)N[C@@H](CCCNC(=N)N)C(=O)N[C@@H](CC4C=NC=N4)C(=O)O)CC(C)C)CO)CO)CO)CO,0,DILIrank,CC[C@H](C)[C@@H]1NC(=O)[C@H](CCCNC(=N)N)NC(=O)[C@H](CC(=O)O)NC(=O)[C@H](CCSC)NC(=O)[C@H](CCCCN)NC(=O)[C@H](CCCNC(=N)N)NC(=O)CNC(=O)[C@H](Cc2ccccc2)NC(=O)[C@@H](NC(=O)CNC(=O)[C@H](CO)NC(=O)CNC(=O)[C@H](CCC(N)=O)NC(=O)[C@@H](NC(=O)[C@H](CCSC)NC(=O)[C@H](CCCCN)NC(=O)[C@@H]2CCCN2C(=O)[C@@H](N)CO)C(C)C)CSSC[C@@H](C(=O)N[C@@H](CCCCN)C(=O)N[C@H](C(=O)N[C@@H](CC(C)C)C(=O)N[C@@H](CCCNC(=N)N)C(=O)N[C@@H](CCCNC(=N)N)C(=O)N[C@@H](CC2C=NC=N2)C(=O)O)C(C)C)NC(=O)CNC(=O)[C@H](CC(C)C)NC(=O)CNC(=O)[C@H](CO)NC(=O)[C@H](CO)NC(=O)[C@H](CO)NC(=O)[C@H](CO)NC1=O,O=C(CNC(=O)CNC(=O)CNC(=O)CNC(=O)CNC(=O)C1CSSCC(NC(=O)CNC(=O)CNC(=O)CNC(=O)CNC(=O)CNC(=O)CNC(=O)CNC(=O)C2CCCN2)C(=O)NC(Cc2ccccc2)C(=O)NCC(=O)NCC(=O)NCC(=O)NCC(=O)NCC(=O)NCC(=O)NCC(=O)NCC(=O)NCC(=O)NCC(=O)NCC(=O)NCC(=O)NCC(=O)NCC(=O)N1)NCCC1C=NC=N1
CCNC(=NCCCC[C@H](C(=O)N[C@@H](CC(C)C)C(=O)N[C@@H](CCCCN=C(NCC)NCC)C(=O)N1CCC[C@H]1C(=O)N[C@H](C)C(=O)N)NC(=O)[C@H](CC2=CC=C(C=C2)O)NC(=O)[C@H](CO)NC(=O)[C@@H](CC3=CN=CC=C3)NC(=O)[C@@H](CC4=CC=C(C=C4)Cl)NC(=O)[C@@H](CC5=CC6=CC=CC=C6C=C5)NC(=O)C)NCC,0,DILIrank,CCNC(=NCCCC[C@H](NC(=O)[C@H](CC(C)C)NC(=O)[C@@H](CCCCN=C(NCC)NCC)NC(=O)[C@H](Cc1ccc(O)cc1)NC(=O)[C@H](CO)NC(=O)[C@@H](Cc1cccnc1)NC(=O)[C@@H](Cc1ccc(Cl)cc1)NC(=O)[C@@H](Cc1ccc2ccccc2c1)NC(C)=O)C(=O)N1CCC[C@H]1C(=O)N[C@H](C)C(N)=O)NCC,O=C(CNC(=O)CNC(=O)C(Cc1ccccc1)NC(=O)CNC(=O)C(Cc1cccnc1)NC(=O)C(Cc1ccccc1)NC(=O)CCc1ccc2ccccc2c1)NCC(=O)N1CCCC1
CC[C@H](C)[C@@H](C(=O)N[C@@H](CC(C)C)C(=O)N1CCC[C@H]1C(=O)N2CCC[C@H]2C(=O)N[C@@H]([C@@H](C)O)C(=O)N[C@@H](CC(=O)N)C(=O)N[C@@H](C(C)C)C(=O)NCC(=O)N[C@@H](CO)C(=O)N[C@@H](CC(=O)N)C(=O)N[C@@H]([C@@H](C)O)C(=O)N[C@@H](CC3=CC=C(C=C3)O)C(=O)N)NC(=O)[C@@H]4CCCN4C(=O)CNC(=O)[C@H](CC5=CC=CC=C5)NC(=O)[C@H](CC(=O)N)NC(=O)[C@H](CC(=O)N)NC(=O)[C@H](CO)NC(=O)[C@H](CO)NC(=O)[C@H](CC6=CN=CN6)NC(=O)[C@H](C(C)C)NC(=O)[C@H](CC(C)C)NC(=O)[C@H](CC7=CC=CC=C7)NC(=O)[C@H](CC(=O)N)NC(=O)[C@H](C)NC(=O)[C@H](CC(C)C)NC(=O)[C@H](CCCNC(=N)N)NC(=O)[C@H](CCC(=O)N)NC(=O)[C@H]([C@@H](C)O)NC(=O)[C@H](C)NC(=O)[C@H](CS)NC(=O)[C@H]([C@@H](C)O)NC(=O)[C@H](C)NC(=O)[C@H]([C@@H](C)O)NC(=O)[C@H](CC(=O)N)NC(=O)[C@H](CS)NC(=O)[C@H](CCCCN)N,0,DILIrank,CC[C@H](C)[C@H](NC(=O)[C@@H]1CCCN1C(=O)CNC(=O)[C@H](Cc1ccccc1)NC(=O)[C@H](CC(N)=O)NC(=O)[C@H](CC(N)=O)NC(=O)[C@H](CO)NC(=O)[C@H](CO)NC(=O)[C@H](Cc1cnc[nH]1)NC(=O)[C@@H](NC(=O)[C@H](CC(C)C)NC(=O)[C@H](Cc1ccccc1)NC(=O)[C@H](CC(N)=O)NC(=O)[C@H](C)NC(=O)[C@H](CC(C)C)NC(=O)[C@H](CCCNC(=N)N)NC(=O)[C@H](CCC(N)=O)NC(=O)[C@@H](NC(=O)[C@H](C)NC(=O)[C@H](CS)NC(=O)[C@@H](NC(=O)[C@H](C)NC(=O)[C@@H](NC(=O)[C@H](CC(N)=O)NC(=O)[C@H](CS)NC(=O)[C@@H](N)CCCCN)[C@@H](C)O)[C@@H](C)O)[C@@H](C)O)C(C)C)C(=O)N[C@@H](CC(C)C)C(=O)N1CCC[C@H]1C(=O)N1CCC[C@H]1C(=O)N[C@H](C(=O)N[C@@H](CC(N)=O)C(=O)N[C@H](C(=O)NCC(=O)N[C@@H](CO)C(=O)N[C@@H](CC(N)=O)C(=O)N[C@H](C(=O)N[C@@H](Cc1ccc(O)cc1)C(N)=O)[C@@H](C)O)C(C)C)[C@@H](C)O,O=C(CCc1ccccc1)NCC(=O)NCC(=O)NC(Cc1cnc[nH]1)C(=O)NCC(=O)NCC(=O)NCC(=O)NCC(=O)NC(Cc1ccccc1)C(=O)NCC(=O)N1CCCC1C(=O)NCC(=O)NCC(=O)N1CCCC1C(=O)N1CCCC1C(=O)NCC(=O)NCC(=O)NCC(=O)NCC(=O)NCC(=O)NCC(=O)NCC(=O)NCCc1ccccc1
C1CC(CCC1OP(=O)([O-])OC[C@@H](CN(CCN(CC(=O)[O-])CC(=O)[O-])CC(=O)[O-])N(CC(=O)[O-])CC(=O)[O-])(C2=CC=CC=C2)C3=CC=CC=C3.O.[Na+].[Na+].[Na+].[Gd+3],0,DILIrank,O.O=C([O-])CN(CCN(CC(=O)[O-])C[C@H](COP(=O)([O-])OC1CCC(c2ccccc2)(c2ccccc2)CC1)N(CC(=O)[O-])CC(=O)[O-])CC(=O)[O-].[Gd+3].[Na+].[Na+].[Na+],c1ccc(C2(c3ccccc3)CCCCC2)cc1
CC[C@H](C)[C@@H](C(=O)N[C@@H](CCC(=O)O)C(=O)N[C@@H](CC1=CNC2=CC=CC=C21)C(=O)N[C@@H](CC(C)C)C(=O)N[C@@H](CCCCN)C(=O)N[C@@H](CC(=O)N)C(=O)NCC(=O)NCC(=O)N3CCC[C@H]3C(=O)N[C@@H](CO)C(=O)N[C@@H](CO)C(=O)NCC(=O)N[C@@H](C)C(=O)N4CCC[C@H]4C(=O)N5CCC[C@H]5C(=O)N6CCC[C@H]6C(=O)N[C@@H](CO)C(=O)N)NC(=O)[C@H](CC7=CC=CC=C7)NC(=O)[C@H](CC(C)C)NC(=O)[C@H](CCCNC(=N)N)NC(=O)[C@H](C(C)C)NC(=O)[C@H](C)NC(=O)[C@H](CCC(=O)O)NC(=O)[C@H](CCC(=O)O)NC(=O)[C@H](CCC(=O)O)NC(=O)[C@H](CCSC)NC(=O)[C@H](CCC(=O)N)NC(=O)[C@H](CCCCN)NC(=O)[C@H](CO)NC(=O)[C@H](CC(C)C)NC(=O)[C@H](CC(=O)O)NC(=O)[C@H](CO)NC(=O)[C@H]([C@@H](C)O)NC(=O)[C@H](CC8=CC=CC=C8)NC(=O)[C@H]([C@@H](C)O)NC(=O)CNC(=O)[C@H](CCC(=O)O)NC(=O)CNC(=O)[C@H](CC9=CN=CN9)N,0,DILIrank,CC[C@H](C)[C@H](NC(=O)[C@H](Cc1ccccc1)NC(=O)[C@H](CC(C)C)NC(=O)[C@H](CCCNC(=N)N)NC(=O)[C@@H](NC(=O)[C@H](C)NC(=O)[C@H](CCC(=O)O)NC(=O)[C@H](CCC(=O)O)NC(=O)[C@H](CCC(=O)O)NC(=O)[C@H](CCSC)NC(=O)[C@H](CCC(N)=O)NC(=O)[C@H](CCCCN)NC(=O)[C@H](CO)NC(=O)[C@H](CC(C)C)NC(=O)[C@H](CC(=O)O)NC(=O)[C@H](CO)NC(=O)[C@@H](NC(=O)[C@H](Cc1ccccc1)NC(=O)[C@@H](NC(=O)CNC(=O)[C@H](CCC(=O)O)NC(=O)CNC(=O)[C@@H](N)Cc1cnc[nH]1)[C@@H](C)O)[C@@H](C)O)C(C)C)C(=O)N[C@@H](CCC(=O)O)C(=O)N[C@@H](Cc1c[nH]c2ccccc12)C(=O)N[C@@H](CC(C)C)C(=O)N[C@@H](CCCCN)C(=O)N[C@@H](CC(N)=O)C(=O)NCC(=O)NCC(=O)N1CCC[C@H]1C(=O)N[C@@H](CO)C(=O)N[C@@H](CO)C(=O)NCC(=O)N[C@@H](C)C(=O)N1CCC[C@H]1C(=O)N1CCC[C@H]1C(=O)N1CCC[C@H]1C(=O)N[C@@H](CO)C(N)=O,O=C(CCc1cnc[nH]1)NCC(=O)NCC(=O)NCC(=O)NCC(=O)NC(Cc1ccccc1)C(=O)NCC(=O)NCC(=O)NCC(=O)NCC(=O)NCC(=O)NCC(=O)NCC(=O)NCC(=O)NCC(=O)NCC(=O)NCC(=O)NCC(=O)NCC(=O)NCC(=O)NCC(=O)NC(Cc1ccccc1)C(=O)NCC(=O)NCC(=O)NC(Cc1c[nH]c2ccccc12)C(=O)NCC(=O)NCC(=O)NCC(=O)NCC(=O)NCC(=O)N1CCCC1C(=O)NCC(=O)NCC(=O)NCC(=O)NCC(=O)N1CCCC1C(=O)N1CCCC1C(=O)N1CCCC1
CN1C(=C2C(=NC(=N2)Cl)N(C1=O)C)[O-].C[NH+](C)CCOC(C1=CC=CC=C1)C2=CC=CC=C2,0,DILIrank,C[NH+](C)CCOC(c1ccccc1)c1ccccc1.Cn1c2nc(Cl)nc-2c([O-])n(C)c1=O,O=c1[nH]cc2ncnc-2[nH]1.c1ccc(Cc2ccccc2)cc1
CCN1CC(C(C1=O)(C2=CC=CC=C2)C3=CC=CC=C3)CCN4CCOCC4,0,DILIrank,CCN1CC(CCN2CCOCC2)C(c2ccccc2)(c2ccccc2)C1=O,O=C1NCC(CCN2CCOCC2)C1(c1ccccc1)c1ccccc1
C[N+]1(CC[C@]23[C@@H]4C(=O)CC[C@]2([C@H]1CC5=C3C(=C(C=C5)O)O4)O)CC6CC6.[Br-],0,DILIrank,C[N+]1(CC2CC2)CC[C@]23c4c5ccc(O)c4O[C@H]2C(=O)CC[C@@]3(O)[C@H]1C5.[Br-],O=C1CCC2C3Cc4cccc5c4C2(CC[NH+]3CC2CC2)C1O5
C=CCN1CC[C@]23[C@@H]4C(=O)CC[C@]2([C@H]1CC5=C3C(=C(C=C5)O)O4)O,0,DILIrank,C=CCN1CC[C@]23c4c5ccc(O)c4O[C@H]2C(=O)CC[C@@]3(O)[C@H]1C5,O=C1CCC2C3Cc4cccc5c4C2(CCN3)C1O5
CCCC(=O)OCOC(=O)C1=C(NC(=C(C1C2=C(C(=CC=C2)Cl)Cl)C(=O)OC)C)C,0,DILIrank,CCCC(=O)OCOC(=O)C1=C(C)NC(C)=C(C(=O)OC)C1c1cccc(Cl)c1Cl,C1=CC(c2ccccc2)C=CN1
CNC(=O)C1=CN(N=C1)C2=NC3=C(C(=N2)N)N=CN3[C@H]4[C@@H]([C@@H]([C@H](O4)CO)O)O,0,DILIrank,CNC(=O)c1cnn(-c2nc(N)c3ncn([C@@H]4O[C@H](CO)[C@@H](O)[C@H]4O)c3n2)c1,c1cnn(-c2ncc3ncn(C4CCCO4)c3n2)c1
O[Fe]=O.O[Fe]=O.[Fe],0,DILIrank,[Fe].[O]=[Fe][OH].[O]=[Fe][OH],ACYCLIC::[Fe].[O]=[Fe][OH].[O]=[Fe][OH]
CN1C2=C(C=C(C=C2)N(CCCl)CCCl)N=C1CCCC(=O)O,0,DILIrank,Cn1c(CCCC(=O)O)nc2cc(N(CCCl)CCCl)ccc21,c1ccc2[nH]cnc2c1
C/C=C\1/C(=O)N[C@H](C(=O)O[C@H]\2CC(=O)N[C@@H](C(=O)N[C@H](CSSCC/C=C2)C(=O)N1)C(C)C)C(C)C,0,DILIrank,C/C=C1\NC(=O)[C@H]2CSSCC/C=C/[C@H](CC(=O)N[C@H](C(C)C)C(=O)N2)OC(=O)[C@H](C(C)C)NC1=O,C=C1NC(=O)C2CSSCCC=CC(CC(=O)NCC(=O)N2)OC(=O)CNC1=O
C[Si]12OCCN(CC(O1)COCC=C)CC(O2)COCC=C,0,DILIrank,C=CCOCC1CN2CCO[Si](C)(O1)OC(COCC=C)C2,C1CN2CCO[SiH](O1)OCC2
CC[C@H](C)[C@H]1C(=O)N[C@H](C(=O)NCC(=O)NCC(=O)N[C@H]2CSSC[C@H]3C(=O)N[C@H](C(=O)N[C@H](C(=O)N[C@H](C(=O)N[C@H](C(=O)N4CCC[C@H]4C(=O)N[C@H](C(=O)N[C@H](C(=O)N[C@H](C(=O)N[C@H](C(=O)N[C@H](C(=O)N[C@H](C(=O)N[C@H](C(=O)N[C@H](C(=O)N[C@H](C(=O)N[C@H](C(=O)N[C@@H](CSSC[C@@H](C(=O)N[C@H](C(=O)N[C@H](C(=O)N[C@H](C(=O)N[C@@H](CSSC[C@@H](C(=O)N[C@H](C(=O)N[C@H](C(=O)N[C@H](C(=O)N[C@H](C(=O)N[C@H](C(=O)N[C@H](C(=O)NCC(=O)N5CCC[C@H]5C(=O)N3)CC(=O)O)CC(=O)O)C)CCCCN)CC6=CC=CC=C6)C)NC(=O)[C@H](CC7=CC=CC=C7)NC(=O)[C@H](CO)NC(=O)[C@H](CC8=CN=CN8)NC(=O)[C@H](CCSC)NC(=O)[C@H](C)NC(=O)[C@H](CCC(=O)O)N)C(=O)N[C@@H]([C@H](C)O)C(=O)N[C@@H](CCCNC(=N)N)C(=O)N[C@@H](CC(=O)O)C(=O)O)CCSC)CCCCN)CCCCN)NC(=O)[C@@H](NC(=O)[C@@H](NC(=O)[C@@H](NC(=O)[C@@H](NC(=O)[C@@H](NC(=O)[C@@H](NC(=O)[C@@H](NC(=O)[C@@H](NC(=O)[C@@H](NC(=O)[C@@H](NC(=O)CNC(=O)[C@@H](NC2=O)CCC(=O)O)CC(=O)N)CCC(=O)N)CC(=O)N)CCCNC(=N)N)CC9=CC=CC=C9)CCC(=O)O)CO)CC(C)C)CCC(=O)O)CCC(=O)O)C(=O)N[C@H](C(=O)N[C@H](C(=O)N[C@H](C(=O)N1)CC1=CC=CC=C1)CCC(=O)O)CCC(=O)O)CCC(=O)N)CCCNC(=N)N)[C@H](C)O)CC1=CC=CC=C1)[C@@H](C)CC)CC(=O)N)CC1=CC=CC=C1)CC1=CC=CC=C1)CC1=CNC2=CC=CC=C21)CCCNC(=N)N)CC1=CN=CN1)C)C)CCCNC(=N)N)CC1=CC=C(C=C1)O,0,DILIrank,CC[C@H](C)[C@@H]1NC(=O)[C@H](Cc2ccccc2)NC(=O)[C@H](CCC(=O)O)NC(=O)[C@H](CCC(=O)O)NC(=O)[C@@H]2CSSC[C@@H]3NC(=O)[C@H](CCC(=O)O)NC(=O)[C@H](CCC(=O)O)NC(=O)[C@H](CC(C)C)NC(=O)[C@H](CO)NC(=O)[C@H](CCC(=O)O)NC(=O)[C@H](Cc4ccccc4)NC(=O)[C@H](CCCNC(=N)N)NC(=O)[C@H](CC(N)=O)NC(=O)[C@H](CCC(N)=O)NC(=O)[C@H](CC(N)=O)NC(=O)CNC(=O)[C@H](CCC(=O)O)NC(=O)[C@H](CSSC[C@H](NC(=O)[C@@H]4CCCN4C(=O)CNC(=O)[C@H](CC(=O)O)NC(=O)[C@H](CC(=O)O)NC(=O)[C@H](C)NC(=O)[C@H](CCCCN)NC(=O)[C@H](Cc4ccccc4)NC(=O)[C@H](C)NC(=O)[C@@H](NC(=O)[C@H](Cc4ccccc4)NC(=O)[C@H](CO)NC(=O)[C@H](Cc4cnc[nH]4)NC(=O)[C@H](CCSC)NC(=O)[C@H](C)NC(=O)[C@@H](N)CCC(=O)O)CSSC[C@@H](C(=O)N[C@H](C(=O)N[C@@H](CCCNC(=N)N)C(=O)N[C@@H](CC(=O)O)C(=O)O)[C@H](C)O)NC(=O)[C@H](CCSC)NC(=O)[C@H](CCCCN)NC(=O)[C@H](CCCCN)NC3=O)C(=O)N[C@@H](CCCNC(=N)N)C(=O)N[C@@H](C)C(=O)N[C@@H](C)C(=O)N[C@@H](Cc3cnc[nH]3)C(=O)N3CCC[C@H]3C(=O)N[C@@H](CCCNC(=N)N)C(=O)N[C@@H](Cc3c[nH]c4ccccc34)C(=O)N[C@@H](Cc3ccccc3)C(=O)N[C@@H](Cc3ccccc3)C(=O)N[C@@H](CC(N)=O)C(=O)N[C@@H]([C@@H](C)CC)C(=O)N[C@@H](Cc3ccccc3)C(=O)N[C@@H]([C@H](C)O)C(=O)N[C@@H](CCCNC(=N)N)C(=O)N[C@@H](CCC(N)=O)C(=O)N2)NC(=O)CNC(=O)CNC(=O)[C@H](Cc2ccc(O)cc2)NC1=O,O=C(CCc1cnc[nH]1)NCC(=O)NC(Cc1ccccc1)C(=O)NC1CSSCCNC(=O)CNC(=O)CNC(=O)CNC(=O)C2CSSCC3NC(=O)CNC(=O)CNC(=O)CNC(=O)C(Cc4ccccc4)NC(=O)CNC(=O)CNC(=O)C(Cc4ccccc4)NC(=O)C(Cc4ccccc4)NC(=O)C(Cc4c[nH]c5ccccc45)NC(=O)CNC(=O)C4CCCN4C(=O)C(Cc4cnc[nH]4)NC(=O)CNC(=O)CNC(=O)CNC(=O)C(CSSCC(NC(=O)CNC(=O)CNC(=O)C(Cc4ccccc4)NC(=O)CNC(=O)C(Cc4ccccc4)NC(=O)CNC(=O)CNC3=O)C(=O)NCC(=O)NCC(=O)NCC(=O)NCC(=O)NCC(=O)NCC(=O)NC(Cc3ccccc3)C(=O)NCC(=O)NCC(=O)NCC(=O)NCC(=O)NCC(=O)N2)NC(=O)C2CCCN2C(=O)CNC(=O)CNC(=O)CNC(=O)CNC(=O)CNC(=O)C(Cc2ccccc2)NC(=O)CNC1=O
C1=C(NC=N1)CCN.OP(=O)(O)O.OP(=O)(O)O,0,DILIrank,NCCc1cnc[nH]1.O=P(O)(O)O.O=P(O)(O)O,c1c[nH]cn1
C1=CC(=C(C=C1[C@H](CN)O)O)O,0,DILIrank,NC[C@H](O)c1ccc(O)c(O)c1,c1ccccc1
CNC[C@@H](C1=CC(=C(C=C1)O)O)O,0,DILIrank,CNC[C@H](O)c1ccc(O)c(O)c1,c1ccccc1
C[N+](C)(C)CCOC(=O)CCC(=O)OCC[N+](C)(C)C,0,DILIrank,C[N+](C)(C)CCOC(=O)CCC(=O)OCC[N+](C)(C)C,ACYCLIC::C[N+](C)(C)CCOC(=O)CCC(=O)OCC[N+](C)(C)C
CC(=O)NC1=C(C(=C(C(=C1I)C(=O)O)I)NC(=O)C)I,0,DILIrank,CC(=O)Nc1c(I)c(NC(C)=O)c(I)c(C(=O)O)c1I,c1ccccc1
CC[C@H](C)[C@H]1C(=O)N[C@H](C(=O)N[C@H](C(=O)N[C@@H](CSSC[C@@H](C(=O)N[C@H](C(=O)N1)CC2=CC=C(C=C2)O)N)C(=O)N3CCC[C@H]3C(=O)N[C@@H](CC(C)C)C(=O)NCC(=O)N)CC(=O)N)CCC(=O)N,0,DILIrank,CC[C@H](C)[C@@H]1NC(=O)[C@H](Cc2ccc(O)cc2)NC(=O)[C@@H](N)CSSC[C@@H](C(=O)N2CCC[C@H]2C(=O)N[C@@H](CC(C)C)C(=O)NCC(N)=O)NC(=O)[C@H](CC(N)=O)NC(=O)[C@H](CCC(N)=O)NC1=O,O=C1CNC(=O)CNC(=O)C(Cc2ccccc2)NC(=O)CCSSCC(C(=O)N2CCCC2)NC(=O)CN1
CC(C)[C@@H](C(=O)NCC(=O)N[C@H](CCCCN)C(=O)N[C@H](CCCCN)C(=O)N[C@H](CCCNC(=N)N)C(=O)N[C@H](CCCNC(=N)N)C(=O)N1CCC[C@H]1C(=O)N[C@@H](C(C)C)C(=O)N[C@@H](CCCCN)C(=O)N[C@@H](C(C)C)C(=O)N[C@@H](CC2=CC=C(C=C2)O)C(=O)N3CCC[C@H]3C(=O)O)NC(=O)[C@@H]4CCCN4C(=O)[C@H](CCCCN)NC(=O)CNC(=O)[C@H](CC5=CNC6=CC=CC=C65)NC(=O)[C@H](CCCNC(=N)N)NC(=O)[C@H](CC7=CC=CC=C7)NC(=O)[C@H](CC8=CNC=N8)NC(=O)[C@H](CCC(=O)O)NC(=O)[C@H](CCSC)NC(=O)[C@H](CO)NC(=O)[C@H](CC9=CC=C(C=C9)O)NC(=O)C(CO)N,0,DILIrank,CSCC[C@H](NC(=O)[C@H](CO)NC(=O)[C@H](Cc1ccc(O)cc1)NC(=O)C(N)CO)C(=O)N[C@@H](CCC(=O)O)C(=O)N[C@@H](Cc1c[nH]cn1)C(=O)N[C@@H](Cc1ccccc1)C(=O)N[C@@H](CCCNC(=N)N)C(=O)N[C@@H](Cc1c[nH]c2ccccc12)C(=O)NCC(=O)N[C@@H](CCCCN)C(=O)N1CCC[C@H]1C(=O)N[C@H](C(=O)NCC(=O)N[C@H](CCCCN)C(=O)N[C@H](CCCCN)C(=O)N[C@H](CCCNC(=N)N)C(=O)N[C@H](CCCNC(=N)N)C(=O)N1CCC[C@H]1C(=O)N[C@H](C(=O)N[C@@H](CCCCN)C(=O)N[C@H](C(=O)N[C@@H](Cc1ccc(O)cc1)C(=O)N1CCC[C@H]1C(=O)O)C(C)C)C(C)C)C(C)C,O=C(CCc1ccccc1)NCC(=O)NCC(=O)NCC(=O)NC(Cc1c[nH]cn1)C(=O)NC(Cc1ccccc1)C(=O)NCC(=O)NC(Cc1c[nH]c2ccccc12)C(=O)NCC(=O)NCC(=O)N1CCCC1C(=O)NCC(=O)NCC(=O)NCC(=O)NCC(=O)NCC(=O)NCC(=O)N1CCCC1C(=O)NCC(=O)NCC(=O)NCC(=O)NC(Cc1ccccc1)C(=O)N1CCCC1
CC(=O)O[C@H]1C[C@@H]2CC[C@@H]3[C@@H]([C@]2(C[C@@H]1[N+]4(CCCCC4)C)C)CC[C@]5([C@H]3C[C@@H]([C@@H]5OC(=O)C)[N+]6(CCCCC6)C)C.[Br-].[Br-],0,DILIrank,CC(=O)O[C@H]1C[C@@H]2CC[C@@H]3[C@H](CC[C@@]4(C)[C@H]3C[C@H]([N+]3(C)CCCCC3)[C@@H]4OC(C)=O)[C@@]2(C)C[C@@H]1[N+]1(C)CCCCC1.[Br-].[Br-],C1CC[NH+](C2CCC3CCC4C5CC([NH+]6CCCCC6)CC5CCC4C3C2)CC1
CC(C)COC(=O)NCCC(=O)N[C@@H](CC1=CNC2=CC=CC=C21)C(=O)N[C@@H](CCSC)C(=O)N[C@@H](CC(=O)O)C(=O)N[C@@H](CC3=CC=CC=C3)C(=O)N,0,DILIrank,CSCC[C@H](NC(=O)[C@H](Cc1c[nH]c2ccccc12)NC(=O)CCNC(=O)OCC(C)C)C(=O)N[C@@H](CC(=O)O)C(=O)N[C@@H](Cc1ccccc1)C(N)=O,O=C(CCc1c[nH]c2ccccc12)NCC(=O)NCC(=O)NCCc1ccccc1
C(CN(CC(=O)O)CC(=O)O)N(CCN(CC(=O)O)CC(=O)O)CC(=O)O,0,DILIrank,O=C(O)CN(CCN(CC(=O)O)CC(=O)O)CCN(CC(=O)O)CC(=O)O,ACYCLIC::O=C(O)CN(CCN(CC(=O)O)CC(=O)O)CCN(CC(=O)O)CC(=O)O
C1=CC=C2C(=C1)C(=O)OC23C4=C(C=C(C=C4)O)OC5=C3C=CC(=C5)O,0,DILIrank,O=C1OC2(c3ccc(O)cc3Oc3cc(O)ccc32)c2ccccc21,O=C1OC2(c3ccccc3Oc3ccccc32)c2ccccc21
CCCCC[C@@](C)(/C=C/[C@H]1[C@@H](C[C@@H]([C@@H]1C/C=C/CCCC(=O)O)O)O)O,0,DILIrank,CCCCC[C@](C)(O)/C=C/[C@@H]1[C@@H](C/C=C/CCCC(=O)O)[C@@H](O)C[C@H]1O,C1CCCC1
CC(=O)O[C@H]1C[C@@H]2CC[C@@H]3[C@@H]([C@]2(C[C@@H]1N4CCCCC4)C)CC[C@]5([C@H]3C[C@@H]([C@@H]5OC(=O)C)[N+]6(CCCCC6)C)C.[Br-],0,DILIrank,CC(=O)O[C@H]1C[C@@H]2CC[C@@H]3[C@H](CC[C@@]4(C)[C@H]3C[C@H]([N+]3(C)CCCCC3)[C@@H]4OC(C)=O)[C@@]2(C)C[C@@H]1N1CCCCC1.[Br-],C1CCN(C2CCC3CCC4C5CC([NH+]6CCCCC6)CC5CCC4C3C2)CC1
C[N+]1(CCC2=CC(=C(C=C2C1CC3=CC(=C(C=C3)OC)OC)OC)OC)CCC(=O)OCCCCCOC(=O)CC[N+]4(CCC5=CC(=C(C=C5C4CC6=CC(=C(C=C6)OC)OC)OC)OC)C,0,DILIrank,COc1ccc(CC2c3cc(OC)c(OC)cc3CC[N+]2(C)CCC(=O)OCCCCCOC(=O)CC[N+]2(C)CCc3cc(OC)c(OC)cc3C2Cc2ccc(OC)c(OC)c2)cc1OC,O=C(CC[NH+]1CCc2ccccc2C1Cc1ccccc1)OCCCCCOC(=O)CC[NH+]1CCc2ccccc2C1Cc1ccccc1
CCCCCCCC/C=C/CCCCCCCC(=O)O.C(CO)N,0,DILIrank,CCCCCCCC/C=C/CCCCCCCC(=O)O.NCCO,ACYCLIC::CCCCCCCC/C=C/CCCCCCCC(=O)O.NCCO
CCC(C)C1C(=O)NC(C(=O)NC(C(=O)NC(CSSCC(C(=O)NC(C(=O)N1)CC2=CC=C(C=C2)O)N)C(=O)N3CCCC3C(=O)NC(CC(C)C)C(=O)NCC(=O)N)CC(=O)N)C(C)O,0,DILIrank,CCC(C)C1NC(=O)C(Cc2ccc(O)cc2)NC(=O)C(N)CSSCC(C(=O)N2CCCC2C(=O)NC(CC(C)C)C(=O)NCC(N)=O)NC(=O)C(CC(N)=O)NC(=O)C(C(C)O)NC1=O,O=C1CNC(=O)CNC(=O)C(Cc2ccccc2)NC(=O)CCSSCC(C(=O)N2CCCC2)NC(=O)CN1
CC[C@H](C)[C@@H](C(=O)N[C@@H](CCC(=O)N)C(=O)N[C@@H](CC(C)C)C(=O)N[C@@H](CCSC)C(=O)N[C@@H](CC1=CNC=N1)C(=O)N[C@@H](CC(=O)N)C(=O)N[C@@H](CC(C)C)C(=O)NCC(=O)N[C@@H](CCCCN)C(=O)N[C@@H](CC2=CNC=N2)C(=O)N[C@@H](CC(C)C)C(=O)N[C@@H](CC(=O)N)C(=O)N[C@@H](CO)C(=O)N[C@@H](CCSC)C(=O)N[C@@H](CCC(=O)O)C(=O)N[C@@H](CCCNC(=N)N)C(=O)N[C@@H](C(C)C)C(=O)N[C@@H](CCC(=O)O)C(=O)N[C@@H](CC3=CNC4=CC=CC=C43)C(=O)N[C@@H](CC(C)C)C(=O)N[C@@H](CCCNC(=N)N)C(=O)N[C@@H](CCCCN)C(=O)N[C@@H](CCCCN)C(=O)N[C@@H](CC(C)C)C(=O)N[C@@H](CCC(=O)N)C(=O)N[C@@H](CC(=O)O)C(=O)N[C@@H](C(C)C)C(=O)N[C@@H](CC5=CNC=N5)C(=O)N[C@@H](CC(=O)N)C(=O)N[C@@H](CC6=CC=CC=C6)C(=O)O)NC(=O)[C@H](CCC(=O)O)NC(=O)[C@H](CO)NC(=O)[C@H](C(C)C)NC(=O)[C@H](CO)N,0,DILIrank,CC[C@H](C)[C@H](NC(=O)[C@H](CCC(=O)O)NC(=O)[C@H](CO)NC(=O)[C@@H](NC(=O)[C@@H](N)CO)C(C)C)C(=O)N[C@@H](CCC(N)=O)C(=O)N[C@@H](CC(C)C)C(=O)N[C@@H](CCSC)C(=O)N[C@@H](Cc1c[nH]cn1)C(=O)N[C@@H](CC(N)=O)C(=O)N[C@@H](CC(C)C)C(=O)NCC(=O)N[C@@H](CCCCN)C(=O)N[C@@H](Cc1c[nH]cn1)C(=O)N[C@@H](CC(C)C)C(=O)N[C@@H](CC(N)=O)C(=O)N[C@@H](CO)C(=O)N[C@@H](CCSC)C(=O)N[C@@H](CCC(=O)O)C(=O)N[C@@H](CCCNC(=N)N)C(=O)N[C@H](C(=O)N[C@@H](CCC(=O)O)C(=O)N[C@@H](Cc1c[nH]c2ccccc12)C(=O)N[C@@H](CC(C)C)C(=O)N[C@@H](CCCNC(=N)N)C(=O)N[C@@H](CCCCN)C(=O)N[C@@H](CCCCN)C(=O)N[C@@H](CC(C)C)C(=O)N[C@@H](CCC(N)=O)C(=O)N[C@@H](CC(=O)O)C(=O)N[C@H](C(=O)N[C@@H](Cc1c[nH]cn1)C(=O)N[C@@H](CC(N)=O)C(=O)N[C@@H](Cc1ccccc1)C(=O)O)C(C)C)C(C)C,O=C(CCc1c[nH]cn1)NCC(=O)NCC(=O)NCC(=O)NCC(=O)NC(Cc1c[nH]cn1)C(=O)NCC(=O)NCC(=O)NCC(=O)NCC(=O)NCC(=O)NCC(=O)NCC(=O)NCC(=O)NC(Cc1c[nH]c2ccccc12)C(=O)NCC(=O)NCC(=O)NCC(=O)NCC(=O)NCC(=O)NCC(=O)NCC(=O)NCC(=O)NC(Cc1c[nH]cn1)C(=O)NCC(=O)NCCc1ccccc1
CNC[C@@H]([C@H]([C@@H]([C@@H](CO)O)O)O)O.CNC[C@@H]([C@H]([C@@H]([C@@H](CO)O)O)O)O.C(CN(CC(=O)O)CC(=O)[O-])N(CCN(CC(=O)O)CC(=O)[O-])CC(=O)[O-].[Gd+3],0,DILIrank,CNC[C@H](O)[C@@H](O)[C@H](O)[C@H](O)CO.CNC[C@H](O)[C@@H](O)[C@H](O)[C@H](O)CO.O=C([O-])CN(CCN(CC(=O)[O-])CC(=O)O)CCN(CC(=O)[O-])CC(=O)O.[Gd+3],ACYCLIC::CNC[C@H](O)[C@@H](O)[C@H](O)[C@H](O)CO.CNC[C@H](O)[C@@H](O)[C@H](O)[C@H](O)CO.O=C([O-])CN(CCN(CC(=O)[O-])CC(=O)O)CCN(CC(=O)[O-])CC(=O)O.[Gd+3]
C1CNCC(C2=CC(=C(C(=C21)Cl)O)O)C3=CC=C(C=C3)O,0,DILIrank,Oc1ccc(C2CNCCc3c2cc(O)c(O)c3Cl)cc1,c1ccc(C2CNCCc3ccccc32)cc1
C[N+]1(CCC2=CC(=C(C=C2[C@H]1CC3=CC(=C(C(=C3)OC)OC)OC)OC)OC)CCCOC(=O)CC/C=C/CCC(=O)OCCC[N+]4(CCC5=CC(=C(C=C5[C@H]4CC6=CC(=C(C(=C6)OC)OC)OC)OC)OC)C,0,DILIrank,COc1cc2c(cc1OC)[C@@H](Cc1cc(OC)c(OC)c(OC)c1)[N+](C)(CCCOC(=O)CC/C=C/CCC(=O)OCCC[N+]1(C)CCc3cc(OC)c(OC)cc3[C@H]1Cc1cc(OC)c(OC)c(OC)c1)CC2,O=C(CCC=CCCC(=O)OCCC[NH+]1CCc2ccccc2C1Cc1ccccc1)OCCC[NH+]1CCc2ccccc2C1Cc1ccccc1
CC(CN1CCN(CCN(CCN(CC1)CC(=O)[O-])CC(=O)[O-])CC(=O)[O-])O.[Gd+3],0,DILIrank,CC(O)CN1CCN(CC(=O)[O-])CCN(CC(=O)[O-])CCN(CC(=O)[O-])CC1.[Gd+3],C1CNCCNCCNCCN1
CC(=O)O[C@H]1[C@H](C[C@@H]2[C@@]1(CC[C@H]3[C@H]2CC[C@@H]4[C@@]3(C[C@@H]([C@H](C4)O)N5CCOCC5)C)C)[N+]6(CCCC6)CC=C,0,DILIrank,C=CC[N+]1([C@H]2C[C@H]3[C@@H]4CC[C@H]5C[C@H](O)[C@@H](N6CCOCC6)C[C@]5(C)[C@H]4CC[C@]3(C)[C@H]2OC(C)=O)CCCC1,C1CC[NH+](C2CC3CCC4C5CC(N6CCOCC6)CCC5CCC4C3C2)C1
CC1=C(C2=CC3=NC(=CC4=NC(=CC5=C(C(=C(N5)C=C1N2)C(C)OC(C)C6=C(C7=CC8=C(C(=C(N8)C=C9C(=C(C(=N9)C=C1C(=C(C(=N1)C=C6N7)C)CCC(=O)O)CCC(=O)O)C)C)C(C)O)C)C)C(=C4CCC(=O)O)C)C(=C3C)CCC(=O)O)C(C)O,0,DILIrank,CC1=C(CCC(=O)O)c2cc3nc(cc4[nH]c(cc5[nH]c(cc1n2)c(C)c5C(C)O)c(C)c4C(C)OC(C)c1c(C)c2cc4nc(cc5nc(cc6[nH]c(cc1[nH]2)c(C)c6C(C)O)C(C)=C5CCC(=O)O)C(CCC(=O)O)=C4C)C(C)=C3CCC(=O)O,C1=Cc2cc3ccc(cc4cc(COCc5cc6cc7nc(cc8nc(cc9ccc(cc5[nH]6)[nH]9)C=C8)C=C7)c(cc5nc(cc1n2)C=C5)[nH]4)[nH]3
CCCCCCCN(CC)CCCC(C1=CC=C(C=C1)NS(=O)(=O)C)O,0,DILIrank,CCCCCCCN(CC)CCCC(O)c1ccc(NS(C)(=O)=O)cc1,c1ccccc1
C1CC2C(=O)NC(CSSCCC(=O)NC(C(=O)NCC(=O)NC(C(=O)NC(C(=O)N2C1)CC3=CNC4=CC=CC=C43)CC(=O)O)CCCCN=C(N)N)C(=O)N,0,DILIrank,NC(=O)C1CSSCCC(=O)NC(CCCCN=C(N)N)C(=O)NCC(=O)NC(CC(=O)O)C(=O)NC(Cc2c[nH]c3ccccc23)C(=O)N2CCCC2C(=O)N1,O=C1CCSSCCNC(=O)C2CCCN2C(=O)C(Cc2c[nH]c3ccccc23)NC(=O)CNC(=O)CNC(=O)CN1
CC[C@H](C)[C@@H](C(=O)N1CCC[C@H]1C(=O)N[C@@H](CCC(=O)O)C(=O)N[C@@H](CCC(=O)O)C(=O)N[C@@H](CC2=CC=C(C=C2)O)C(=O)N[C@@H](CC(C)C)C(=O)O)NC(=O)[C@H](CCC(=O)O)NC(=O)[C@H](CCC(=O)O)NC(=O)[C@H](CC3=CC=CC=C3)NC(=O)[C@H](CC(=O)O)NC(=O)CNC(=O)[C@H](CC(=O)N)NC(=O)CNC(=O)CNC(=O)CNC(=O)CNC(=O)[C@@H]4CCCN4C(=O)[C@H](CCCNC(=N)N)NC(=O)[C@@H]5CCCN5C(=O)[C@@H](CC6=CC=CC=C6)N,0,DILIrank,CC[C@H](C)[C@H](NC(=O)[C@H](CCC(=O)O)NC(=O)[C@H](CCC(=O)O)NC(=O)[C@H](Cc1ccccc1)NC(=O)[C@H](CC(=O)O)NC(=O)CNC(=O)[C@H](CC(N)=O)NC(=O)CNC(=O)CNC(=O)CNC(=O)CNC(=O)[C@@H]1CCCN1C(=O)[C@H](CCCNC(=N)N)NC(=O)[C@@H]1CCCN1C(=O)[C@H](N)Cc1ccccc1)C(=O)N1CCC[C@H]1C(=O)N[C@@H](CCC(=O)O)C(=O)N[C@@H](CCC(=O)O)C(=O)N[C@@H](Cc1ccc(O)cc1)C(=O)N[C@@H](CC(C)C)C(=O)O,O=C(CNC(=O)CNC(=O)C1CCCN1C(=O)CNC(=O)CNC(=O)CNC(=O)C(Cc1ccccc1)NC(=O)CNC(=O)CNC(=O)CNC(=O)CNC(=O)CNC(=O)CNC(=O)CNC(=O)C1CCCN1C(=O)CNC(=O)C1CCCN1C(=O)CCc1ccccc1)NCCc1ccccc1
C[C@@H]1CCN([C@H](C1)C(=O)O)C(=O)[C@H](CCCN=C(N)N)NS(=O)(=O)C2=CC=CC3=C2NC[C@@H](C3)C,0,DILIrank,C[C@@H]1CCN(C(=O)[C@H](CCCN=C(N)N)NS(=O)(=O)c2cccc3c2NC[C@H](C)C3)[C@@H](C(=O)O)C1,O=C(CNS(=O)(=O)c1cccc2c1NCCC2)N1CCCCC1
CCCCS(=O)(=O)N[C@@H](CC1=CC=C(C=C1)OCCCCC2CCNCC2)C(=O)O,0,DILIrank,CCCCS(=O)(=O)N[C@@H](Cc1ccc(OCCCCC2CCNCC2)cc1)C(=O)O,c1ccc(OCCCCC2CCNCC2)cc1
COCCNC(=O)CN(CCN(CCN(CC(=O)NCCOC)CC(=O)[O-])CC(=O)[O-])CC(=O)[O-].[Gd+3],0,DILIrank,COCCNC(=O)CN(CCN(CCN(CC(=O)[O-])CC(=O)NCCOC)CC(=O)[O-])CC(=O)[O-].[Gd+3],ACYCLIC::COCCNC(=O)CN(CCN(CCN(CC(=O)[O-])CC(=O)NCCOC)CC(=O)[O-])CC(=O)[O-].[Gd+3]
C(C(F)(F)F)(C(F)(F)F)(F)F,0,DILIrank,FC(F)(F)C(F)(F)C(F)(F)F,ACYCLIC::FC(F)(F)C(F)(F)C(F)(F)F
C(CN)CNCCSP(=O)(O)O,0,DILIrank,NCCCNCCSP(=O)(O)O,ACYCLIC::NCCCNCCSP(=O)(O)O
C1[C@@H]([C@H]([C@@H]([C@H]([C@@H]1NC(=O)[C@H](CCN)O)O[C@@H]2[C@@H]([C@H]([C@@H]([C@H](O2)CO)O)N)O)O)O[C@@H]3[C@@H]([C@H]([C@@H]([C@H](O3)CN)O)O)O)N,0,DILIrank,NCC[C@H](O)C(=O)N[C@@H]1C[C@H](N)[C@@H](O[C@H]2O[C@H](CN)[C@@H](O)[C@H](O)[C@H]2O)[C@H](O)[C@H]1O[C@H]1O[C@H](CO)[C@@H](O)[C@H](N)[C@H]1O,C1CCC(OC2CCCC(OC3CCCCO3)C2)OC1
CNC[C@@H]([C@H]([C@@H]([C@@H](CO)O)O)O)O.CNC[C@@H]([C@H]([C@@H]([C@@H](CO)O)O)O)O.C1=CC=C(C=C1)COCC(C(=O)[O-])N(CCN(CCN(CC(=O)O)CC(=O)[O-])CC(=O)[O-])CC(=O)O.[Gd+3],0,DILIrank,CNC[C@H](O)[C@@H](O)[C@H](O)[C@H](O)CO.CNC[C@H](O)[C@@H](O)[C@H](O)[C@H](O)CO.O=C([O-])CN(CCN(CC(=O)[O-])CC(=O)O)CCN(CC(=O)O)C(COCc1ccccc1)C(=O)[O-].[Gd+3],c1ccccc1
CC1=NC2=C(N1)CCN(C3=CC=CC=C32)C(=O)C4=CC=C(C=C4)NC(=O)C5=CC=CC=C5C6=CC=CC=C6,0,DILIrank,Cc1nc2c([nH]1)CCN(C(=O)c1ccc(NC(=O)c3ccccc3-c3ccccc3)cc1)c1ccccc1-2,O=C(Nc1ccc(C(=O)N2CCc3[nH]cnc3-c3ccccc32)cc1)c1ccccc1-c1ccccc1
CC1(C(NC(S1)C(C(=O)NCCCCCC(=O)O)NC(=O)CC2=CC=CC=C2)C(=O)O)C,0,DILIrank,CC1(C)SC(C(NC(=O)Cc2ccccc2)C(=O)NCCCCCC(=O)O)NC1C(=O)O,O=C(Cc1ccccc1)NCC1NCCS1
C1=CC=C(C=C1)CC(CC(=O)CNC(=O)C2=CC=CC=C2)C(=O)O,0,DILIrank,O=C(CNC(=O)c1ccccc1)CC(Cc1ccccc1)C(=O)O,O=C(CCCc1ccccc1)CNC(=O)c1ccccc1
CC(C)NCC(COC1=CC=C(C=C1)CCC(=O)OC)O,0,DILIrank,COC(=O)CCc1ccc(OCC(O)CNC(C)C)cc1,c1ccccc1
CCOC(=O)C1=CN=CN1C(C)C2=CC=CC=C2,0,DILIrank,CCOC(=O)c1cncn1C(C)c1ccccc1,c1ccc(Cn2ccnc2)cc1
CN(C)C1=CC(=C(C=C1)OC)CN[C@H]2CCCN[C@H]2C3=CC=CC=C3,0,DILIrank,COc1ccc(N(C)C)cc1CN[C@H]1CCCN[C@H]1c1ccccc1,c1ccc(CNC2CCCNC2c2ccccc2)cc1
C1=C(C(=C(C(=C1I)NC(=O)CCCCC(=O)NC2=C(C=C(C(=C2I)C(=O)O)I)I)I)C(=O)O)I,0,DILIrank,O=C(CCCCC(=O)Nc1c(I)cc(I)c(C(=O)O)c1I)Nc1c(I)cc(I)c(C(=O)O)c1I,O=C(CCCCC(=O)Nc1ccccc1)Nc1ccccc1
CSCC[C@@H](C(=O)O)N,0,DILIrank,CSCC[C@H](N)C(=O)O,ACYCLIC::CSCC[C@H](N)C(=O)O
CC1=C(C(=C2CC[C@@](OC2=C1C)(C)CCC[C@H](C)CCC[C@H](C)CCCC(C)C)C)O,0,DILIrank,Cc1c(C)c2c(c(C)c1O)CC[C@@](C)(CCC[C@H](C)CCC[C@H](C)CCCC(C)C)O2,c1ccc2c(c1)CCCO2
CN1CCC2=CC=CC3=C2[C@H]1CC4=C3C(=C(C=C4)O)O,0,DILIrank,CN1CCc2cccc3c2[C@H]1Cc1ccc(O)c(O)c1-3,c1ccc2c(c1)CC1NCCc3cccc-2c31
CC(=O)OC1(CCC2C1(CCC3C2CCC4=CC(=O)CCC34)C)C#C,0,DILIrank,C#CC1(OC(C)=O)CCC2C3CCC4=CC(=O)CCC4C3CCC21C,O=C1C=C2CCC3C4CCCC4CCC3C2CC1
C[C@@H](NCC(CN[C@@H](/C(=N/O)/C)C)(C)C)/C(=N/O)/C,0,DILIrank,C/C(=N\O)[C@@H](C)NCC(C)(C)CN[C@H](C)/C(C)=N/O,ACYCLIC::C/C(=N\O)[C@@H](C)NCC(C)(C)CN[C@H](C)/C(C)=N/O
C1CC(N(C1)C(=O)C2CSSCC(C(=O)NC(C(=O)NC(C(=O)NC(C(=O)NC(C(=O)N2)CC(=O)N)CCC(=O)N)CC3=CC=CC=C3)CC4=CC=C(C=C4)O)N)C(=O)NC(CCCN=C(N)N)C(=O)NCC(=O)N,0,DILIrank,NC(=O)CCC1NC(=O)C(Cc2ccccc2)NC(=O)C(Cc2ccc(O)cc2)NC(=O)C(N)CSSCC(C(=O)N2CCCC2C(=O)NC(CCCN=C(N)N)C(=O)NCC(N)=O)NC(=O)C(CC(N)=O)NC1=O,O=C1CNC(=O)C(Cc2ccccc2)NC(=O)C(Cc2ccccc2)NC(=O)CCSSCC(C(=O)N2CCCC2)NC(=O)CN1
C(=O)(O)[O-].[Na+],0,DILIrank,O=C([O-])O.[Na+],ACYCLIC::O=C([O-])O.[Na+]
C1CNCCNCCCN(CCNC1)CC2=CC=C(C=C2)CN3CCCNCCNCCCNCC3,0,DILIrank,c1cc(CN2CCCNCCNCCCNCC2)ccc1CN1CCCNCCNCCCNCC1,c1cc(CN2CCCNCCNCCCNCC2)ccc1CN1CCCNCCNCCCNCC1
C1=CC(=CC=C1CCN)O,0,DILIrank,NCCc1ccc(O)cc1,c1ccccc1
C1C(N(C2=C(N1)NC(=NC2=O)N)C=O)CNC3=CC=C(C=C3)C(=O)NC(CCC(=O)O)C(=O)O,0,DILIrank,Nc1nc(=O)c2c([nH]1)NCC(CNc1ccc(C(=O)NC(CCC(=O)O)C(=O)O)cc1)N2C=O,O=c1nc[nH]c2c1NC(CNc1ccccc1)CN2
CN1[C@H](CNC2=C1C(=O)N=C(N2)N)CNC3=CC=C(C=C3)C(=O)N[C@@H](CCC(=O)[O-])C(=O)[O-].[Ca+2],0,DILIrank,CN1c2c([nH]c(N)nc2=O)NC[C@@H]1CNc1ccc(C(=O)N[C@@H](CCC(=O)[O-])C(=O)[O-])cc1.[Ca+2],O=c1nc[nH]c2c1NC(CNc1ccccc1)CN2
C[C@H]1[C@H]([C@H](C[C@@H](O1)O[C@H]2C[C@@](CC3=C(C4=C(C(=C23)O)C(=O)C5=C(C4=O)C=CC=C5OC)O)(C(=O)C)O)N)O,0,DILIrank,COc1cccc2c1C(=O)c1c(O)c3c(c(O)c1C2=O)C[C@@](O)(C(C)=O)C[C@@H]3O[C@H]1C[C@H](N)[C@H](O)[C@H](C)O1,O=C1c2ccccc2C(=O)c2cc3c(cc21)CCCC3OC1CCCCO1
C[C@@H]1[C@H]([C@@H]([C@@H](C(O1)OC\2CC(C(C(CC(=O)CC(C(CCC(CC(CC(CC(=O)OC(C(C(C(/C=C/C=C/CC/C=C/C=C/C=C/C=C2)C)O)C)C)O)O)O)O)O)O)C(=O)O)O)O)N)O,0,DILIrank,CC1/C=C/C=C/CC/C=C/C=C/C=C/C=C/C(OC2O[C@H](C)[C@@H](O)[C@H](N)[C@@H]2O)CC(O)C(C(=O)O)C(O)CC(=O)CC(O)C(O)CCC(O)CC(O)CC(O)CC(=O)OC(C)C(C)C1O,O=C1CCCCCCCCCCCC(=O)OCCCCC=CC=CCCC=CC=CC=CC=CC(OC2CCCCO2)CCCCC1
[C-]#N.[C-]#N.[C-]#N.[C-]#N.[C-]#N.[N-]=O.[Fe+4],0,DILIrank,[C-]#N.[C-]#N.[C-]#N.[C-]#N.[C-]#N.[Fe+4].[N-]=O,ACYCLIC::[C-]#N.[C-]#N.[C-]#N.[C-]#N.[C-]#N.[Fe+4].[N-]=O
