split_type,split_id,similarity_bin,n,positive_fraction,brier,balanced_accuracy,roc_auc,average_precision
random,0,<0.30,41,0.43902439024390244,0.19565459920517925,0.7427536231884058,0.7850241545893719,0.7331396249901153
random,0,0.30-0.50,27,0.48148148148148145,0.25985870854861337,0.6263736263736264,0.6868131868131868,0.7019225555034547
random,0,0.50-0.70,15,0.4,0.09399872817150116,0.8611111111111112,0.9259259259259259,0.9333333333333333
random,0,>=0.70,8,0.0,0.007685904928689345,1.0,,
random,1,<0.30,36,0.5277777777777778,0.2252300964424727,0.6919504643962848,0.7027863777089783,0.7917558990646869
random,1,0.30-0.50,31,0.45161290322580644,0.17873335885027541,0.7331932773109244,0.8067226890756303,0.8108658680863648
random,1,0.50-0.70,17,0.23529411764705882,0.039902762304029726,1.0,1.0,1.0
random,1,>=0.70,7,0.0,0.0010429570281371848,1.0,,
random,2,<0.30,37,0.5405405405405406,0.26259924778120924,0.6691176470588236,0.6235294117647059,0.6012217383135233
random,2,0.30-0.50,31,0.41935483870967744,0.15350991591255045,0.7350427350427351,0.8675213675213675,0.8387738895091834
random,2,0.50-0.70,15,0.2,0.05499025040917365,0.9583333333333333,0.9722222222222222,0.9166666666666665
random,2,>=0.70,8,0.125,0.050736329499389166,1.0,1.0,1.0
random,3,<0.30,38,0.5789473684210527,0.2425783751034985,0.6392045454545454,0.7329545454545454,0.800360528530383
random,3,0.30-0.50,27,0.4074074074074074,0.1385684468169518,0.7556818181818181,0.8409090909090909,0.8594057457693822
random,3,0.50-0.70,16,0.25,0.09635438648815249,0.7916666666666667,0.9375,0.8541666666666666
random,3,>=0.70,10,0.0,0.016166910929207974,1.0,,
random,4,<0.30,43,0.4418604651162791,0.30268864997879635,0.5646929824561404,0.6162280701754387,0.6075239541841708
random,4,0.30-0.50,26,0.5384615384615384,0.2700008831867338,0.6547619047619048,0.6845238095238095,0.7479870342198958
random,4,0.50-0.70,16,0.1875,0.07591406697750844,0.9230769230769231,0.9743589743589743,0.9166666666666665
random,4,>=0.70,6,0.16666666666666666,0.001533188754005105,1.0,1.0,1.0
random,5,<0.30,43,0.5116279069767442,0.2517442271977048,0.604978354978355,0.670995670995671,0.7465026539509017
random,5,0.30-0.50,21,0.38095238095238093,0.14325569330105714,0.7596153846153846,0.8653846153846154,0.8675595238095238
random,5,0.50-0.70,16,0.3125,0.10174448051990398,0.7545454545454545,0.9454545454545454,0.9028571428571428
random,5,>=0.70,11,0.18181818181818182,0.022641778943398246,1.0,1.0,1.0
random,6,<0.30,37,0.4864864864864865,0.2276216962060976,0.6461988304093567,0.7280701754385965,0.7661690199248472
random,6,0.30-0.50,31,0.41935483870967744,0.22927399710507032,0.6645299145299145,0.7179487179487181,0.7275283978942717
random,6,0.50-0.70,14,0.42857142857142855,0.08384155169262934,0.8541666666666667,0.9583333333333334,0.9484126984126984
random,6,>=0.70,9,0.0,0.01974786221855532,1.0,,
random,7,<0.30,43,0.5116279069767442,0.19311234253047435,0.7467532467532467,0.7835497835497836,0.8260696099995635
random,7,0.30-0.50,25,0.4,0.13356530202994676,0.75,0.9533333333333334,0.9588235294117647
random,7,0.50-0.70,11,0.18181818181818182,0.07385857267834445,1.0,1.0,1.0
random,7,>=0.70,12,0.25,0.02567848402140903,0.8333333333333333,1.0,1.0
random,8,<0.30,43,0.5581395348837209,0.2802470787743932,0.5701754385964912,0.6118421052631579,0.6344543813980003
random,8,0.30-0.50,24,0.20833333333333334,0.08657681348814499,0.8473684210526315,0.9578947368421052,0.9111111111111111
random,8,0.50-0.70,15,0.4666666666666667,0.058311202722753266,0.9375,0.9821428571428571,0.982142857142857
random,8,>=0.70,9,0.1111111111111111,0.03502978750948582,0.5,1.0,1.0
random,9,<0.30,44,0.5,0.21881351413006966,0.7045454545454546,0.737603305785124,0.7265735298082143
random,9,0.30-0.50,24,0.4166666666666667,0.16095490014321776,0.7285714285714285,0.7999999999999999,0.8079673023055375
random,9,0.50-0.70,14,0.2857142857142857,0.048163040817706226,1.0,1.0,1.0
random,9,>=0.70,9,0.1111111111111111,0.002149254581411432,1.0,1.0,1.0
random,10,<0.30,34,0.5882352941176471,0.22350641764922607,0.7321428571428572,0.7321428571428572,0.7981107686158664
random,10,0.30-0.50,31,0.45161290322580644,0.15572907488064927,0.7331932773109244,0.8823529411764706,0.8644900942833273
random,10,0.50-0.70,14,0.07142857142857142,0.0755608071053914,0.5,0.8461538461538461,0.3333333333333333
random,10,>=0.70,12,0.16666666666666666,0.01185567649750606,1.0,1.0,1.0
random,11,<0.30,34,0.5,0.17146392021329024,0.7647058823529411,0.8166089965397925,0.8176054337819043
random,11,0.30-0.50,28,0.42857142857142855,0.19884278509146022,0.6979166666666667,0.7552083333333333,0.7603792735042737
random,11,0.50-0.70,16,0.3125,0.11550325509676745,0.8545454545454545,0.8909090909090909,0.6861904761904762
random,11,>=0.70,13,0.23076923076923078,0.010907063008844219,1.0,1.0,1.0
random,12,<0.30,33,0.5151515151515151,0.16153053315609697,0.7261029411764706,0.8455882352941176,0.8528540857471401
random,12,0.30-0.50,32,0.4375,0.16034216882833582,0.7658730158730158,0.8214285714285715,0.8343663550104972
random,12,0.50-0.70,14,0.35714285714285715,0.08352701008914777,0.8888888888888888,0.9777777777777777,0.9666666666666666
random,12,>=0.70,12,0.08333333333333333,0.02223101202549416,1.0,1.0,1.0
random,13,<0.30,36,0.5277777777777778,0.23140713208105337,0.7213622291021672,0.6749226006191951,0.6162127166784768
random,13,0.30-0.50,29,0.4482758620689655,0.15935066979497153,0.8293269230769231,0.8317307692307692,0.8376560761176144
random,13,0.50-0.70,18,0.2777777777777778,0.0441493545931568,0.9615384615384616,0.9846153846153846,0.9666666666666668
random,13,>=0.70,8,0.0,0.005526982755951224,1.0,,
random,14,<0.30,42,0.5238095238095238,0.25575499815830466,0.6431818181818182,0.6659090909090909,0.6410930803933197
random,14,0.30-0.50,29,0.3448275862068966,0.18942854593809527,0.7894736842105263,0.8842105263157894,0.7903860028860028
random,14,0.50-0.70,14,0.21428571428571427,0.08108507996431633,0.9545454545454546,0.9696969696969696,0.9166666666666665
random,14,>=0.70,6,0.3333333333333333,0.01473827381032688,1.0,1.0,1.0
random,15,<0.30,32,0.4375,0.21432394935761245,0.6904761904761905,0.7619047619047619,0.7599159254345013
random,15,0.30-0.50,31,0.4838709677419355,0.12995449061451295,0.8354166666666667,0.9041666666666667,0.9155307655307654
random,15,0.50-0.70,22,0.3181818181818182,0.105858709710704,0.8238095238095238,0.9523809523809524,0.9087301587301586
random,15,>=0.70,6,0.16666666666666666,0.003904456283410416,1.0,1.0,1.0
random,16,<0.30,36,0.5,0.214201802237408,0.6666666666666667,0.7623456790123457,0.7844689272822021
random,16,0.30-0.50,28,0.5,0.2574227400151535,0.6071428571428572,0.6275510204081634,0.7479035118320831
random,16,0.50-0.70,19,0.2631578947368421,0.10310747317470689,0.8285714285714285,0.8999999999999999,0.8509090909090908
random,16,>=0.70,8,0.0,0.003682239342800808,1.0,,
random,17,<0.30,40,0.5,0.2409557523737209,0.7,0.71,0.7054884893413944
random,17,0.30-0.50,31,0.3870967741935484,0.14785871290967267,0.6557017543859649,0.9166666666666666,0.8445198320198322
random,17,0.50-0.70,15,0.3333333333333333,0.10899996528369257,0.8500000000000001,0.8999999999999999,0.835
random,17,>=0.70,5,0.0,0.008415625515377285,1.0,,
random,18,<0.30,43,0.5581395348837209,0.21242387549980368,0.6491228070175439,0.756578947368421,0.8105718689088701
random,18,0.30-0.50,27,0.37037037037037035,0.18545575781084797,0.7911764705882353,0.788235294117647,0.7227777777777777
random,18,0.50-0.70,16,0.1875,0.15175395372349393,0.6794871794871795,0.8974358974358974,0.8095238095238095
random,18,>=0.70,5,0.0,0.010640607242295042,1.0,,
random,19,<0.30,37,0.4864864864864865,0.17968083759551717,0.7587719298245614,0.8216374269005848,0.7892679729302536
random,19,0.30-0.50,32,0.40625,0.10933601658250305,0.8582995951417004,0.8987854251012145,0.9126902509255451
random,19,0.50-0.70,16,0.25,0.09168097656684494,0.8333333333333333,0.9375,0.8541666666666666
random,19,>=0.70,6,0.3333333333333333,0.03822861653154839,1.0,1.0,1.0
random,20,<0.30,35,0.5428571428571428,0.20907876307159304,0.7072368421052632,0.7368421052631579,0.7729303688325437
random,20,0.30-0.50,30,0.43333333333333335,0.24679753406480984,0.5633484162895928,0.6108597285067874,0.6370339467488009
random,20,0.50-0.70,15,0.3333333333333333,0.0406356081280695,1.0,1.0,1.0
random,20,>=0.70,11,0.0,0.0215041812317367,1.0,,
random,21,<0.30,37,0.5405405405405406,0.19002459352342335,0.7279411764705883,0.7705882352941176,0.7885541972252499
random,21,0.30-0.50,31,0.41935483870967744,0.18147959322669974,0.7521367521367521,0.7991452991452992,0.8040654031958379
random,21,0.50-0.70,17,0.17647058823529413,0.12770054114588225,0.8928571428571428,0.9523809523809524,0.8666666666666667
random,21,>=0.70,6,0.16666666666666666,0.01260357098267288,1.0,1.0,1.0
random,22,<0.30,40,0.45,0.22077934824897777,0.7525252525252526,0.7121212121212122,0.7488798517500788
random,22,0.30-0.50,27,0.6296296296296297,0.26133973082649287,0.6147058823529412,0.7764705882352941,0.8473876039984218
random,22,0.50-0.70,15,0.06666666666666667,0.03996954044439942,0.9642857142857143,1.0,1.0
random,22,>=0.70,9,0.1111111111111111,0.03637852904617363,0.5,1.0,1.0
random,23,<0.30,39,0.5128205128205128,0.19238415820786442,0.7184210526315788,0.7894736842105263,0.8478120015948967
random,23,0.30-0.50,28,0.32142857142857145,0.13436046098668022,0.8070175438596491,0.8654970760233919,0.7939153439153441
random,23,0.50-0.70,15,0.5333333333333333,0.08146334045544897,0.8571428571428572,1.0,1.0
random,23,>=0.70,9,0.0,0.006964945081785965,1.0,,
random,24,<0.30,45,0.4444444444444444,0.2866578200233334,0.595,0.614,0.5626646032311307
random,24,0.30-0.50,27,0.4444444444444444,0.20091247985983815,0.65,0.75,0.7936824450059745
random,24,0.50-0.70,10,0.4,0.04229523078604303,0.9166666666666667,1.0,1.0
random,24,>=0.70,9,0.1111111111111111,0.02551972024449852,1.0,1.0,1.0
scaffold,0,<0.30,42,0.5714285714285714,0.21126755364653346,0.7638888888888888,0.7453703703703703,0.7907195169095322
scaffold,0,0.30-0.50,20,0.15,0.10677203781180458,0.9117647058823529,0.9019607843137255,0.5333333333333333
scaffold,0,0.50-0.70,11,0.36363636363636365,0.0372635148992065,1.0,1.0,1.0
scaffold,0,>=0.70,3,0.0,0.0032642047459823524,1.0,,
scaffold,1,<0.30,42,0.42857142857142855,0.1838465662528568,0.7569444444444444,0.7962962962962962,0.7942311013773639
scaffold,1,0.30-0.50,26,0.4230769230769231,0.13550733866249443,0.7757575757575758,0.896969696969697,0.8795167251049605
scaffold,1,0.50-0.70,7,0.14285714285714285,0.007061759376543706,1.0,1.0,1.0
scaffold,1,>=0.70,3,0.3333333333333333,0.0667111639555824,1.0,1.0,1.0
scaffold,2,<0.30,54,0.5185185185185185,0.23111813977255954,0.6126373626373627,0.6950549450549451,0.7440910133043549
scaffold,2,0.30-0.50,59,0.4067796610169492,0.169723542179221,0.7398809523809524,0.8166666666666667,0.7717518901950122
scaffold,2,0.50-0.70,13,0.07692307692307693,0.06124975095282199,1.0,1.0,1.0
scaffold,2,>=0.70,5,0.0,0.003911525798657477,1.0,,
scaffold,3,<0.30,37,0.4864864864864865,0.16871303933547896,0.7032163742690059,0.8128654970760234,0.7966428565277672
scaffold,3,0.30-0.50,31,0.41935483870967744,0.2161723030746011,0.7457264957264957,0.7564102564102565,0.7208265495926529
scaffold,3,0.50-0.70,9,0.2222222222222222,0.030727594259162556,1.0,1.0,1.0
scaffold,3,>=0.70,3,0.3333333333333333,0.04922219333345151,1.0,1.0,1.0
scaffold,4,<0.30,38,0.3684210526315789,0.16612261481932447,0.7619047619047619,0.8660714285714286,0.8337512538664611
scaffold,4,0.30-0.50,30,0.43333333333333335,0.1761422921286372,0.7104072398190044,0.8144796380090498,0.8266756190669233
scaffold,4,0.50-0.70,11,0.2727272727272727,0.04654807231275502,0.8333333333333333,1.0,1.0
scaffold,4,>=0.70,4,0.0,0.001762865913070178,1.0,,
scaffold,5,<0.30,62,0.5161290322580645,0.26814252180913567,0.6302083333333333,0.6260416666666666,0.6354035260498931
scaffold,5,0.30-0.50,52,0.28846153846153844,0.18993244596686257,0.6981981981981982,0.7693693693693693,0.5893232738354689
scaffold,5,0.50-0.70,11,0.18181818181818182,0.06116638055310359,0.9444444444444444,1.0,1.0
scaffold,5,>=0.70,2,0.0,0.000347519796777328,1.0,,
scaffold,6,<0.30,37,0.5135135135135135,0.1772154036135228,0.7807017543859649,0.8216374269005848,0.807730747627383
scaffold,6,0.30-0.50,24,0.3333333333333333,0.15195626444279278,0.75,0.859375,0.8018127705627706
scaffold,6,0.50-0.70,13,0.23076923076923078,0.028834481181642987,0.95,1.0,1.0
scaffold,6,>=0.70,2,0.0,0.001872855535506236,1.0,,
scaffold,7,<0.30,34,0.4117647058823529,0.19215407941032522,0.7214285714285715,0.7642857142857142,0.7519007018374804
scaffold,7,0.30-0.50,32,0.375,0.10045020101293192,0.85,0.9333333333333333,0.912962962962963
scaffold,7,0.50-0.70,13,0.15384615384615385,0.08574181649770635,0.9090909090909092,0.9090909090909091,0.75
scaffold,7,>=0.70,6,0.16666666666666666,0.03889317485175623,1.0,1.0,1.0
scaffold,8,<0.30,47,0.5531914893617021,0.23001230183287158,0.6794871794871795,0.7014652014652014,0.726195896913639
scaffold,8,0.30-0.50,25,0.36,0.11021196409447409,0.8506944444444444,0.9375,0.9251543209876543
scaffold,8,0.50-0.70,9,0.1111111111111111,0.061289414803816014,0.9375,1.0,1.0
scaffold,8,>=0.70,6,0.16666666666666666,0.07390692417677394,1.0,1.0,1.0
scaffold,9,<0.30,46,0.5869565217391305,0.15261380523306634,0.8128654970760234,0.8557504873294347,0.9018105375235852
scaffold,9,0.30-0.50,22,0.3181818181818182,0.3098392279664954,0.44285714285714284,0.580952380952381,0.4702614379084968
scaffold,9,0.50-0.70,9,0.2222222222222222,0.09237923449615429,0.8571428571428572,1.0,1.0
scaffold,9,>=0.70,5,0.0,0.001896596693053527,1.0,,
scaffold,10,<0.30,53,0.49056603773584906,0.2797214423772539,0.5477207977207976,0.5897435897435898,0.5823843482717274
scaffold,10,0.30-0.50,58,0.27586206896551724,0.14508827749675166,0.7991071428571428,0.8675595238095238,0.7644808112638994
scaffold,10,0.50-0.70,18,0.2777777777777778,0.07030029542423,0.823076923076923,0.9692307692307692,0.9428571428571428
scaffold,10,>=0.70,6,0.16666666666666666,0.04840779991955623,0.5,1.0,1.0
scaffold,11,<0.30,38,0.5263157894736842,0.2888461942904337,0.575,0.5972222222222222,0.5764992274231405
scaffold,11,0.30-0.50,26,0.4230769230769231,0.12510229225124364,0.796969696969697,0.896969696969697,0.8154187019160282
scaffold,11,0.50-0.70,11,0.09090909090909091,0.04029933473714865,1.0,1.0,1.0
scaffold,11,>=0.70,4,0.0,0.0029729083681709827,1.0,,
scaffold,12,<0.30,43,0.4186046511627907,0.22151839750046487,0.6177777777777778,0.7377777777777778,0.7033239984514348
scaffold,12,0.30-0.50,31,0.22580645161290322,0.20149208120369894,0.7619047619047619,0.8452380952380952,0.639654080255584
scaffold,12,0.50-0.70,7,0.14285714285714285,0.050050234534916534,0.9166666666666667,1.0,1.0
scaffold,12,>=0.70,3,0.0,0.0011197534986953255,1.0,,
scaffold,13,<0.30,38,0.5526315789473685,0.16432632418776424,0.7871148459383753,0.8431372549019608,0.8664889761455188
scaffold,13,0.30-0.50,28,0.32142857142857145,0.11841334209107748,0.8918128654970761,0.8888888888888888,0.7356701940035274
scaffold,13,0.50-0.70,12,0.08333333333333333,0.04431575495501835,0.9545454545454546,1.0,1.0
scaffold,13,>=0.70,1,0.0,0.01545828041745457,1.0,,
scaffold,14,<0.30,38,0.6052631578947368,0.25180573161679476,0.6710144927536232,0.6985507246376811,0.7955823711605987
scaffold,14,0.30-0.50,19,0.2631578947368421,0.21404910825598963,0.5928571428571429,0.6142857142857142,0.5454901960784313
scaffold,14,0.50-0.70,12,0.16666666666666666,0.008012923212718504,1.0,1.0,1.0
scaffold,14,>=0.70,6,0.0,0.0010228241515006663,1.0,,
scaffold,15,<0.30,39,0.48717948717948717,0.1488709200503344,0.7710526315789473,0.8684210526315789,0.8922354284681151
scaffold,15,0.30-0.50,32,0.53125,0.15555374841089004,0.8156862745098039,0.8666666666666666,0.8885876031757038
scaffold,15,0.50-0.70,12,0.16666666666666666,0.10996169747805491,0.95,1.0,1.0
scaffold,15,>=0.70,2,0.0,0.0011603742972621338,1.0,,
scaffold,16,<0.30,46,0.5652173913043478,0.3429366978977224,0.551923076923077,0.5096153846153846,0.6458897810475007
scaffold,16,0.30-0.50,28,0.35714285714285715,0.16565035107028558,0.8055555555555556,0.9222222222222223,0.8770959595959595
scaffold,16,0.50-0.70,10,0.2,0.0722123868422749,0.9375,1.0,1.0
scaffold,16,>=0.70,3,0.0,0.00019363644171571342,1.0,,
scaffold,17,<0.30,62,0.4032258064516129,0.23012794881471052,0.6713513513513514,0.7005405405405406,0.6303393350556142
scaffold,17,0.30-0.50,53,0.3584905660377358,0.2210849442693411,0.6772445820433437,0.7492260061919505,0.5795498456539646
scaffold,17,0.50-0.70,12,0.16666666666666666,0.011036535529891743,1.0,1.0,1.0
scaffold,17,>=0.70,3,0.3333333333333333,0.08602782531826329,1.0,1.0,1.0
scaffold,18,<0.30,43,0.5348837209302325,0.2799960442116931,0.5847826086956521,0.6630434782608696,0.7044404722547819
scaffold,18,0.30-0.50,30,0.3333333333333333,0.16488499459416256,0.75,0.845,0.6954670329670329
scaffold,18,0.50-0.70,10,0.2,0.08643619626105266,0.875,1.0,1.0
scaffold,18,>=0.70,4,0.0,0.06421127839485198,0.75,,
scaffold,19,<0.30,71,0.5492957746478874,0.23332633760315666,0.6614583333333333,0.7107371794871795,0.7977917772659641
scaffold,19,0.30-0.50,43,0.2558139534883721,0.1930984640893469,0.6931818181818181,0.7528409090909091,0.5828091100818373
scaffold,19,0.50-0.70,11,0.0,0.03509598927099511,0.9090909090909091,,
scaffold,19,>=0.70,2,0.0,0.0016046401777080465,1.0,,
scaffold,20,<0.30,45,0.5111111111111111,0.28857759475355843,0.5553359683794465,0.6324110671936759,0.6764951521513626
scaffold,20,0.30-0.50,27,0.48148148148148145,0.2163337486838703,0.6565934065934066,0.7637362637362638,0.8175397066701413
scaffold,20,0.50-0.70,4,0.25,0.005692666139407583,1.0,1.0,1.0
scaffold,20,>=0.70,4,0.0,0.0013740415100255605,1.0,,
scaffold,21,<0.30,45,0.35555555555555557,0.21259690032512088,0.6368534482758621,0.7413793103448276,0.6252392152839722
scaffold,21,0.30-0.50,22,0.22727272727272727,0.2055321068526057,0.5117647058823529,0.611764705882353,0.4526984126984127
scaffold,21,0.50-0.70,9,0.2222222222222222,0.10413421933128254,0.9285714285714286,1.0,1.0
scaffold,21,>=0.70,5,0.0,0.0007005590177045606,1.0,,
scaffold,22,<0.30,49,0.42857142857142855,0.19716386297496558,0.7202380952380952,0.7891156462585034,0.7792665288388883
scaffold,22,0.30-0.50,20,0.35,0.1508932099308736,0.7087912087912087,0.8901098901098901,0.8044217687074828
scaffold,22,0.50-0.70,9,0.2222222222222222,0.013282063308996736,1.0,1.0,1.0
scaffold,22,>=0.70,3,0.0,0.05060630461134888,1.0,,
scaffold,23,<0.30,49,0.4897959183673469,0.21542703269067529,0.675,0.76,0.7344765921577503
scaffold,23,0.30-0.50,26,0.3076923076923077,0.22182586225603387,0.6527777777777778,0.7847222222222222,0.7350407268170426
scaffold,23,0.50-0.70,8,0.25,0.1206204081250083,0.6666666666666667,0.9166666666666667,0.8333333333333333
scaffold,23,>=0.70,5,0.0,3.5710634113871745e-05,1.0,,
scaffold,24,<0.30,78,0.3974358974358974,0.21336775089165727,0.7216884008236102,0.703500343170899,0.658267377998511
scaffold,24,0.30-0.50,40,0.375,0.16349427816366732,0.8066666666666666,0.8640000000000001,0.7997683408209724
scaffold,24,0.50-0.70,9,0.1111111111111111,0.08368348019765381,0.9375,1.0,1.0
scaffold,24,>=0.70,5,0.0,0.0009151398682359726,1.0,,
